상품명,주종,절대 도수,상대 도수,용량,가격,가성비,맥주 가성비,검색용 상품명,판매처,단맛,바디감,신맛,청량감,향의 강도,향의 종류,사진
33JU 200ml,증류주,18,1,200,23000,0.16,0,,,2,1,,,4,"흙, 꿀",https://dbscthumb-phinf.pstatic.net/4776_000_3/20220323113401498_3Z1DSI3QR.jpg/fe87_529_i1.jpg?type=m251&wm=Y
33JU 500ml,증류주,18,1,500,49000,0.18,0,,,2,1,,,4,"흙, 꿀",https://dbscthumb-phinf.pstatic.net/4776_000_3/20220323113401498_3Z1DSI3QR.jpg/fe87_529_i1.jpg?type=m251&wm=Y
52C,증류주,17.5,1,500,10000,0.88,1,52C 전통주,,2,2,,,4,흙,https://dbscthumb-phinf.pstatic.net/4776_000_3/20220323113401542_N0CT2O5I7.png/fe87_530_i1.png?type=m251&wm=Y
가덕 순쌀 막걸리,탁주,6,1,750,1500,3,1,,https://mssool.co.kr/,3,3,3,3,,무향,https://dbscthumb-phinf.pstatic.net/4776_000_2/20190726180526179_0TTMYF538.jpg/fe87_420_i1.jpg?type=m251&wm=Y
가을빛 레드와인,과실주,14,4,750,35000,0.3,0,,https://yeinwinerywine.modoo.at/?link=19t0juux,2,2,3,3,,포도,https://dbscthumb-phinf.pstatic.net/4776_000_2/20190726160734633_X5FD1AN3U.jpg/fe87_379_i1.jpg?type=m251&wm=Y
감 보드카,증류주,32,3,375,14000,0.86,1,,,3,3,,,2,사과,https://dbscthumb-phinf.pstatic.net/4776_000_2/20190726174041133_1Q26K5J0V.jpg/fe87_410_i1.jpg?type=m251&wm=Y
감그린 레귤러,과실주,12,3,750,18000,0.5,0,,,3,2,3,3,,사과,https://dbscthumb-phinf.pstatic.net/4776_000_1/20181013020715463_KGFK8VS9E.jpg/fe87_281_i1.jpg?type=m251&wm=Y
감그린 스페셜,과실주,12,3,750,25000,0.36,0,,,3,3,3,3,,사과,https://dbscthumb-phinf.pstatic.net/4776_000_2/20181017120058261_9LP7HYZZH.jpg/fe87_282_i1.jpg?type=m251&wm=Y
감그린 아이스와인,과실주,10,2,375,89000,0.04,0,,,4,4,2,2,,사과,https://dbscthumb-phinf.pstatic.net/4776_000_1/20181013022632085_JS0FG3HC4.jpg/fe87_283_i1.jpg?type=m251&wm=Y
감사,약주,14,4,375,15000,0.35,0,,,2,2,2,1,,무향,https://dbscthumb-phinf.pstatic.net/4776_000_1/20170224110222108_1TLD4VYWD.jpg/fe87_080_i1.jpg?type=m251&wm=Y
감악산 머루주,과실주,12,3,360,7000,0.62,0,,https://smartstore.naver.com/wooridoga/products/5020022202?n_media=27758&n_query=%EA%B0%90%EC%95%85%EC%82%B0%EB%A8%B8%EB%A3%A8%EC%A3%BC&n_rank=2&n_ad_group=grp-a001-02-000000019470478&n_ad=nad-a001-02-000000120686310&n_campaign_type=2&n_mall_id=ncp_1nkeip_01&n_mall_pid=5020022202&n_ad_group_type=2&n_match=3&NaPm=ct%3Dlpgimjhc%7Cci%3D0ye0000ib6fzeLfSBuZn%7Ctr%3Dpla%7Chk%3D44b4a1e07df14f5280d1eda923f97fb5da3c9749,2,2,2,1,,포도,https://dbscthumb-phinf.pstatic.net/4776_000_2/20200824185213299_9BJJMDYTE.jpg/fe87_475_i1.jpg?type=m251&wm=Y
감자술,약주,13,4,700,14000,0.65,0,,https://www.pcwine.co.kr/main/index,3,2,2,3,,무향,https://dbscthumb-phinf.pstatic.net/4776_000_2/20190726173312428_9KUFPAV7J.jpg/fe87_407_i1.jpg?type=m251&wm=Y
감홍로 백자,증류주,40,4,700,75000,0.37,0,,,3,4,,,3,"흙, 스파이시",https://dbscthumb-phinf.pstatic.net/4776_000_1/20170524102414291_6V5A8YD3M.jpg/fe87_114_i1.jpg?type=m251&wm=Y
강쇠,약주,13,4,370,2500,1.92,1,,https://smartstore.naver.com/wooridoga/products/4495415932?NaPm=ct%3Dlpgivl3k%7Cci%3D4c974bd5283d68d34e7377cd0ad1e13f4dd5e78c%7Ctr%3Dslct%7Csn%3D576325%7Chk%3D11e874a9026e45fb73f828556e8125efd7448be6,2,2,2,1,,흙,https://dbscthumb-phinf.pstatic.net/4776_000_1/20170522191719813_L3VMMVLR6.JPG/fe87_188_i1.JPG?type=m251&wm=Y
겨울소주 25,증류주,25,2,360,10000,0.9,1,,https://smartstore.naver.com/arirangjujo/products/4985769134,2,4,,,4,무향,https://dbscthumb-phinf.pstatic.net/4776_000_2/20200824191033138_I0O31P43W.jpg/fe87_482_i1.jpg?type=m251&wm=Y
계룡백일주 16도,약주,16,5,700,18500,0.61,0,,,1,5,1,1,,"꽃, 허브,아로마, 베리",https://dbscthumb-phinf.pstatic.net/4776_000_1/20170522121231543_Y7KE995X3.jpg/fe87_116_i1.jpg?type=m251&wm=Y
계룡백일주 30도,증류주,30,3,400,20000,0.6,0,,,2,3,,,2,"꽃, 허브,아로마, 베리",https://dbscthumb-phinf.pstatic.net/4776_000_1/20170522121608958_G8056J9O0.jpg/fe87_117_i1.jpg?type=m251&wm=Y
계룡백일주 40도,증류주,40,4,600,40000,0.6,0,,,3,3,,,3,"꽃, 허브,아로마, 베리",https://dbscthumb-phinf.pstatic.net/4776_000_1/20170522122010713_JJMI5M26Y.jpg/fe87_118_i1.jpg?type=m251&wm=Y
계룡산 산삼주 금수강산 21도,증류주,21,2,740,110000,0.14,0,,,3,2,,,2,흙,https://dbscthumb-phinf.pstatic.net/4776_000_1/20181013012751849_ERJWLTDF0.jpg/fe87_276_i1.jpg?type=m251&wm=Y
계룡산 산삼주 금수강산 40도,증류주,40,4,740,150000,0.2,0,,,3,3,,,3,흙,https://dbscthumb-phinf.pstatic.net/4776_000_1/20181013011842282_94AB1QQSO.jpg/fe87_275_i1.jpg?type=m251&wm=Y
고도리 레드와인 스위트,과실주,12,3,750,22000,0.41,0,,https://smartstore.naver.com/wooridoga/products/5687762727?NaPm=ct%3Dlpgj5rm0%7Cci%3D846264e60146df2324c63d308dacfd1a2988c3e9%7Ctr%3Dslsl%7Csn%3D576325%7Chk%3D7969eb1e7b24b1a2f9d353c88c618666fdf98409,3,3,3,2,,포도,https://dbscthumb-phinf.pstatic.net/4776_000_1/20181012232607390_PR1T3J94Y.jpg/fe87_257_i1.jpg?type=m251&wm=Y
고도리 복숭아와인,과실주,6.5,1,750,38000,0.13,0,,,3,3,4,3,,피치,https://dbscthumb-phinf.pstatic.net/4776_000_3/20230323160321312_PT2ZLF9OY.jpg/fe87_258_i1.jpg?type=m251&wm=Y
고도리 샤인머스캣,과실주,10.5,2,750,38000,0.21,0,,,4,3,3,2,,포도,https://d38cxpfv0ljg7q.cloudfront.net/admin_contents/detail/W5dy-1631773756416-%EA%B3%A0%EB%8F%84%EB%A6%AC+%EB%A7%9D%EA%B3%A0%ED%8F%AC%EB%8F%84+%EC%99%80%EC%9D%B8-1.jpg
고도리 화이트와인 드라이,과실주,10.5,2,750,22000,0.36,0,,,2,2,3,3,,포도,https://dbscthumb-phinf.pstatic.net/4776_000_1/20181012231753430_BXL6O7JRO.jpg/fe87_256_i1.jpg?type=m251&wm=Y
고도리 화이트와인 스위트,과실주,10.5,2,750,22000,0.36,0,,,4,2,3,3,,포도,https://dbscthumb-phinf.pstatic.net/4776_000_1/20181012230912307_6HTQENADJ.jpg/fe87_255_i1.jpg?type=m251&wm=Y
고운달 백자 200ml,증류주,52,5,200,180000,0.06,0,,,3,5,,,3,베리,https://dbscthumb-phinf.pstatic.net/4776_000_1/20181012234452688_TCQKAUHRR.jpg/fe87_260_i1.jpg?type=m251&wm=Y
고운달 백자 500ml,증류주,52,5,500,360000,0.07,0,,,3,5,,,3,베리,https://dbscthumb-phinf.pstatic.net/4776_000_1/20181012234452688_TCQKAUHRR.jpg/fe87_260_i1.jpg?type=m251&wm=Y
고운달 오크 200ml,증류주,52,5,200,180000,0.06,0,,,2,5,,,4,베리,https://dbscthumb-phinf.pstatic.net/4776_000_1/20181012233858393_OS3EASQ8L.jpg/fe87_259_i1.jpg?type=m251&wm=Y
고운달 오크 500ml,증류주,52,5,500,360000,0.07,0,,,2,5,,,4,베리,https://dbscthumb-phinf.pstatic.net/4776_000_1/20181012233858393_OS3EASQ8L.jpg/fe87_259_i1.jpg?type=m251&wm=Y
고창선운산 블루베리주,과실주,15,4,1800,25000,1.08,1,,,2,2,2,2,,베리,https://dbscthumb-phinf.pstatic.net/4776_000_1/20181013004450642_1QTC63ZH8.jpg/fe87_270_i1.jpg?type=m251&wm=Y
고흥유자주,약주,8,2,500,13000,0.31,0,,,4,2,3,3,,시트러스,https://d38cxpfv0ljg7q.cloudfront.net/admin_contents/detail/rC0W-1659321041025-0.jpg
곰이 사랑한 꿀술,증류주,16,1,375,15500,0.39,0,,,4,3,,,3,"꿀, 스파이시",https://assets.business.veluga.kr/media/public/곰이사랑한꿀술대표_1.png
공주애 오디와인,과실주,15,4,375,6000,0.94,1,,,3,1,2,3,,베리,https://dbscthumb-phinf.pstatic.net/4776_000_1/20181013030946221_6W66ZE0JB.jpg/fe87_288_i1.jpg?type=m251&wm=Y
구기홍주 360ml,약주,14,4,360,10000,0.5,0,,,3,3,1,2,,흙,https://dbscthumb-phinf.pstatic.net/4776_000_2/20200824190818965_N0WFTK1VM.jpg/fe87_481_i1.jpg?type=m251&wm=Y
구기홍주 750ml,약주,14,4,750,16000,0.66,0,,,3,3,1,2,,흙,https://dbscthumb-phinf.pstatic.net/4776_000_2/20200824190818965_N0WFTK1VM.jpg/fe87_481_i1.jpg?type=m251&wm=Y
구름을 벗삼아,탁주,6.5,1,750,1500,3.25,1,,,3,3,3,3,,무향,https://dbscthumb-phinf.pstatic.net/4776_000_1/20170113200854803_A2QJ493XH.jpg/fe87_058_i1.jpg?type=m251&wm=Y
그랑꼬또 로제와인,과실주,12,3,750,21000,0.43,0,,,2,3,3,1,,포도,https://dbscthumb-phinf.pstatic.net/4776_000_1/20170522124437029_XHAF0B41O.jpg/fe87_124_i1.jpg?type=m251&wm=Y
그랑꼬또 청수,과실주,13,4,750,73500,0.13,0,,,2,3,4,4,,포도,https://dbscthumb-phinf.pstatic.net/4776_000_3/20230323160232503_NO9N5EAO8.jpg/fe87_123_i1.jpg?type=m251&wm=Y
그랑꼬또 화이트와인,과실주,12,3,750,40000,0.23,0,,,3,2,3,3,,포도,https://dbscthumb-phinf.pstatic.net/4776_000_2/20200824172218447_0SJ2GM3TS.jpg/fe87_441_i1.jpg?type=m251&wm=Y
그랑꼬또 M5610,과실주,10,2,750,56000,0.13,0,그랑꼬또 M5610 750ml,,4,2,3,3,,포도,https://dbscthumb-phinf.pstatic.net/4776_000_2/20200824171958126_D4UL2DGO9.jpg/fe87_440_i1.jpg?type=m251&wm=Y
그랑티그르 M1988,과실주,12,3,750,40000,0.23,0,,,3,3,3,2,,"포도, 베리",https://dbscthumb-phinf.pstatic.net/4776_000_2/20190726151102261_RZ9LYKT2P.jpg/fe87_358_i1.jpg?type=m251&wm=Y
금산인삼주 수삼단본 23도,증류주,23,2,720,32000,0.52,0,,,2,3,,,4,흙,https://dbscthumb-phinf.pstatic.net/4776_000_1/20170522130310035_D2R0J5ZC6.jpg/fe87_127_i1.jpg?type=m251&wm=Y
금산인삼주 수삼단본 43도,증류주,43,5,720,42000,0.74,0,,,2,4,,,4,흙,https://dbscthumb-phinf.pstatic.net/4776_000_1/20170522125634555_90571L3VX.jpg/fe87_126_i1.jpg?type=m251&wm=Y
금정산성 막걸리,탁주,8,2,750,1900,3.16,1,,,1,3,3,2,,무향,https://dbscthumb-phinf.pstatic.net/4776_000_1/20170522132458060_MR30GE50S.jpg/fe87_130_i1.jpg?type=m251&wm=Y
김천 과하주 23도,약주,23,5,700,22000,0.73,0,,,1,2,3,2,,꽃,https://dbscthumb-phinf.pstatic.net/4776_000_1/20170522133208131_BVC138A22.jpg/fe87_131_i1.jpg?type=m251&wm=Y
김포특주,약주,15,4,375,3000,1.88,1,,,4,2,4,2,,무향,https://dbscthumb-phinf.pstatic.net/4776_000_1/20181013062101632_MU0YTMOKW.jpg/fe87_315_i1.jpg?type=m251&wm=Y
나루 생 막걸리 11.5도,탁주,11.5,2,500,11000,0.52,0,,,4,5,1,1,,무향,https://dbscthumb-phinf.pstatic.net/4776_000_2/20200824183256418_PHFGJWZZM.jpg/fe87_468_i1.jpg?type=m251&wm=Y
나루 생 막걸리 6도,탁주,6,1,800,6300,0.76,0,,,3,2,3,2,,무향,https://dthumb-phinf.pstatic.net/?src=%22https%3A%2F%2Fdbscthumb-phinf.pstatic.net%2F4776_000_3%2F20200924202918773_GJOA57KJ4.JPG%2Ffe87_467_i1.JPG%3Ftype%3Dw690_fst_n%26wm%3DY%22&twidth=352&theight=530&opts=17
남산애 레드와인,과실주,14,4,750,45000,0.23,0,,,3,2,3,3,,포도,https://dbscthumb-phinf.pstatic.net/4776_000_2/20190726160504384_NN5Q6PCJP.jpg/fe87_378_i1.jpg?type=m251&wm=Y
남산애 포트와인,과실주,18.5,5,750,55000,0.25,0,,,3,3,3,2,,포도,https://dbscthumb-phinf.pstatic.net/4776_000_2/20190726161108080_D0C8OEVJU.jpg/fe87_380_i1.jpg?type=m251&wm=Y
내장산 복분자주,과실주,16,5,360,6000,0.96,1,복분자주 16도 360ml,,1,2,3,2,,베리,https://dbscthumb-phinf.pstatic.net/4776_000_1/20170113200148370_PV94ZA6XM.jpg/fe87_042_i1.jpg?type=m251&wm=Y
녹고의 눈물,약주,16,5,500,23000,0.35,0,,,2,3,2,1,,흙,https://dbscthumb-phinf.pstatic.net/4776_000_1/20170522134318810_WS6FN4DP8.jpg/fe87_133_i1.jpg?type=m251&wm=Y
녹천 소곡화주,증류주,41,5,500,22000,0.93,1,녹천 소곡화주 500ml,,3,3,,,3,무향,https://dbscthumb-phinf.pstatic.net/4776_000_1/20170522140715492_VMV2Q4NZL.JPG/fe87_137_i1.JPG?type=m251&wm=Y
녹파주,약주,15,4,375,35000,0.16,0,,,3,3,2,2,,무향,https://dbscthumb-phinf.pstatic.net/4776_000_1/20181013054605691_IEV740J47.jpg/fe87_310_i1.jpg?type=m251&wm=Y
느린마을 막걸리,탁주,6,1,750,3600,1.25,1,,,3,4,2,2,,무향,https://dbscthumb-phinf.pstatic.net/4776_000_3/20230323160018342_0W66D9ADK.jpg/fe87_060_i1.jpg?type=m251&wm=Y
능이주,약주,13,4,375,12000,0.41,0,능이주 375ml,,1,2,3,1,,흙,https://dbscthumb-phinf.pstatic.net/4776_000_1/20181013013748016_7G95HK0CF.jpg/fe87_277_i1.jpg?type=m251&wm=Y
니모메,약주,11,2,375,11000,0.38,0,,,3,3,3,1,,"흙, 허브,아로마, 스파이시",https://dbscthumb-phinf.pstatic.net/4776_000_3/20230323160250127_8XD7PXQWP.jpg/fe87_253_i1.jpg?type=m251&wm=Y
다래와인 3004,과실주,8,2,375,10000,0.3,0,,,2,2,2,1,,시트러스,https://dbscthumb-phinf.pstatic.net/4776_000_1/20170522224552645_ZI3DDO3HU.JPG/fe87_220_i1.JPG?type=m251&wm=Y
다래와인 7004S,과실주,8,2,750,18000,0.33,0,,,2,2,2,1,,시트러스,https://dbscthumb-phinf.pstatic.net/4776_000_1/20170522225420420_QHBESK3ZG.JPG/fe87_221_i1.JPG?type=m251&wm=Y
다랭이팜 백미 생 막걸리,탁주,6,1,750,4000,1.13,1,,,1,2,4,4,,무향,https://dbscthumb-phinf.pstatic.net/4776_000_1/20170113201250701_T7D0YLZPV.jpg/fe87_066_i1.jpg?type=m251&wm=Y
다랭이팜 유자 막걸리,탁주,6,1,750,4000,1.13,1,,,1,2,5,2,,시트러스,https://dbscthumb-phinf.pstatic.net/4776_000_1/20170113200429110_0QMCRE5XX.jpg/fe87_051_i1.jpg?type=m251&wm=Y
담솔,증류주,40,4,500,22000,0.91,1,,,3,3,,,3,"허브,아로마",https://dbscthumb-phinf.pstatic.net/4776_000_1/20170113195324979_3Z8A8HJA7.jpg/fe87_025_i1.jpg?type=m251&wm=Y
담양 죽력고,증류주,25,2,350,13000,0.67,0,,,4,3,,,3,"흙, 스파이시",https://dbscthumb-phinf.pstatic.net/4776_000_2/20200824175814016_GDG82MFV4.jpg/fe87_455_i1.jpg?type=m251&wm=Y
담은 생 막걸리,탁주,6.5,1,750,33000,0.15,0,,,4,2,2,1,,무향,https://dbscthumb-phinf.pstatic.net/4776_000_3/20230323160148027_86T5CSW65.jpg/fe87_110_i1.jpg?type=m251&wm=Y
담향 대대포 블루,탁주,6,1,600,4000,0.9,1,,,3,2,2,2,,꿀,https://dbscthumb-phinf.pstatic.net/4776_000_3/20230323160554495_8H3R8UX7F.jpg/fe87_431_i1.jpg?type=m251&wm=Y
대대포블루,탁주,6,1,600,3800,0.95,1,,,3,2,2,3,,무향,https://d38cxpfv0ljg7q.cloudfront.net/admin_contents/detail/6GX6-1629348033497-%EB%8C%80%EB%8C%80%ED%8F%AC_%EA%B8%B0%EC%A1%B4%EB%9D%BC%EB%B2%A8-2.jpg
대통대잎술,약주,15,4,700,16000,0.66,0,,,1,2,1,1,,"흙, 허브,아로마",https://dbscthumb-phinf.pstatic.net/4776_000_1/20170113200235224_4XP2IQS4M.jpg/fe87_044_i1.jpg?type=m251&wm=Y
도깨비술 11도,탁주,11,2,750,12000,0.69,0,,,4,5,4,3,,무향,https://dbscthumb-phinf.pstatic.net/4776_000_3/20200824205047515_ZVA72BP7U.jpg/fe87_518_i1.jpg?type=m251&wm=Y
도깨비술 7도,탁주,7,1,750,8000,0.66,0,,,3,3,3,4,,무향,https://dbscthumb-phinf.pstatic.net/4776_000_3/20200824204640852_C4CXQBPL5.jpg/fe87_516_i1.jpg?type=m251&wm=Y
도깨비술 9도,탁주,9,2,750,10000,0.68,0,,,3,4,3,3,,무향,https://dbscthumb-phinf.pstatic.net/4776_000_3/20200824204828925_RXKYGO42E.jpg/fe87_517_i1.jpg?type=m251&wm=Y
독산 53,증류주,53,5,250,25000,0.53,0,,,2,4,,,2,무향,https://dbscthumb-phinf.pstatic.net/4776_000_2/20200824191819032_XO1QHX9EJ.jpg/fe87_485_i1.jpg?type=m251&wm=Y
동강더덕주,증류주,20,2,360,3500,2.06,1,,,3,2,,,3,흙,https://dbscthumb-phinf.pstatic.net/4776_000_1/20170522200154735_59POOCI1V.jpg/fe87_196_i1.jpg?type=m251&wm=Y
동몽,약주,17,5,500,30000,0.28,0,,,2,3,3,1,,무향,https://dbscthumb-phinf.pstatic.net/4776_000_1/20170116183755171_V64VQROUB.jpg/fe87_100_i1.jpg?type=m251&wm=Y
동학 1957,약주,13,4,375,3500,1.39,1,,,3,3,3,2,,무향,https://dbscthumb-phinf.pstatic.net/4776_000_3/20200824210240472_IM2XKDIOS.png/fe87_523_i1.png?type=m251&wm=Y
두레앙 22도,증류주,22,2,375,5000,1.65,1,,,2,4,,,1,포도,https://dbscthumb-phinf.pstatic.net/4776_000_2/20200824174543797_78RL2ZSST.jpg/fe87_449_i1.jpg?type=m251&wm=Y
두레앙 브랜디,증류주,35,3,500,70000,0.25,0,,,2,2,,,4,포도,https://dbscthumb-phinf.pstatic.net/4776_000_1/20170522155416710_BYZREPLNT.JPG/fe87_157_i1.JPG?type=m251&wm=Y
두레앙 와인,과실주,12,3,750,15000,0.6,0,,,2,2,2,1,,포도,https://dbscthumb-phinf.pstatic.net/4776_000_1/20170522154259145_FGEKAU6VD.JPG/fe87_155_i1.JPG?type=m251&wm=Y
두레앙 증류주,증류주,35,3,500,35000,0.5,0,,,2,2,,,2,포도,https://dbscthumb-phinf.pstatic.net/4776_000_1/20170522154942113_8RVCMJWU9.JPG/fe87_156_i1.JPG?type=m251&wm=Y
두리향,증류주,43,5,500,36000,0.6,0,,,2,4,,,3,포도,https://dbscthumb-phinf.pstatic.net/4776_000_2/20190726143813529_CG8MLIWPN.jpg/fe87_345_i1.jpg?type=m251&wm=Y
라이스 퐁당 13도,약주,13,4,500,15000,0.43,0,,,3,3,2,1,,무향,https://dbscthumb-phinf.pstatic.net/4776_000_2/20200824201854230_A6LCNWYO1.jpg/fe87_507_i1.jpg?type=m251&wm=Y
라이스 퐁당 17도,약주,17,5,500,18000,0.47,0,,,3,4,3,1,,무향,https://dbscthumb-phinf.pstatic.net/4776_000_2/20200824202400121_U59V7XN47.jpg/fe87_508_i1.jpg?type=m251&wm=Y
레돔 내추럴 스파클링 로제와인,과실주,7.5,1,750,38000,0.15,0,,,3,2,3,4,,포도,https://dbscthumb-phinf.pstatic.net/4776_000_2/20190726172533265_UUZLJ3IGE.jpg/fe87_405_i1.jpg?type=m251&wm=Y
레돔 시드르,과실주,6,1,750,32000,0.14,0,,,3,2,3,4,,사과,https://dbscthumb-phinf.pstatic.net/4776_000_2/20190726172843804_0D03IMN8J.jpg/fe87_406_i1.jpg?type=m251&wm=Y
려 고구마 증류소주 25도,증류주,25,2,500,35000,0.36,0,,,3,3,,,2,무향,https://dbscthumb-phinf.pstatic.net/4776_000_1/20170424210819339_5DULMVU9K.jpg/fe87_107_i1.jpg?type=m251&wm=Y
려 고구마 증류소주 40도,증류주,40,4,375,35000,0.43,0,,,3,3,,,2,무향,https://dbscthumb-phinf.pstatic.net/4776_000_1/20170424210855331_2ZJF5SEO7.jpg/fe87_108_i1.jpg?type=m251&wm=Y
려 증류소주 25도,증류주,25,2,375,30000,0.31,0,,,2,1,,,3,무향,https://dbscthumb-phinf.pstatic.net/4776_000_1/20170424210742561_R5GU3WCNR.jpg/fe87_106_i1.jpg?type=m251&wm=Y
로얄 안동소주 18년,증류주,45,5,600,72000,0.38,0,,,3,4,,,1,무향,https://dbscthumb-phinf.pstatic.net/4776_000_1/20170522211307558_H9TIYB74M.jpg/fe87_206_i1.jpg?type=m251&wm=Y
마셔블랑,과실주,12,3,750,20000,0.45,0,,,3,2,,,2,시트러스,https://dbscthumb-phinf.pstatic.net/4776_000_2/20190726162745855_W8FTSXZ1K.jpg/fe87_386_i1.jpg?type=m251&wm=Y
마주 소곡주,약주,16,5,500,17000,0.47,0,,https://smartstore.naver.com/oksoonga/products/4785125963?NaPm=ct%3Dlpgl6pds%7Cci%3D3e3081c23efa41d792acea272fdf91bb7ad53085%7Ctr%3Dslsl%7Csn%3D1085682%7Chk%3D24b99a171d0a253d49d6a725fa01c53bab76bbde,4,4,3,2,,흙,https://dbscthumb-phinf.pstatic.net/4776_000_3/20200824203120507_06S3D21AR.jpg/fe87_509_i1.jpg?type=m251&wm=Y
마주 소곡화주,증류주,41,5,500,25000,0.82,0,,https://smartstore.naver.com/oksoonga/products/4780697995?NaPm=ct%3Dlpgl70yg%7Cci%3D8a3743028606fcbcc25aea53a563d45ae6ead250%7Ctr%3Dslsl%7Csn%3D1085682%7Chk%3D7bc69da28c1bade0c359a3b67af0b2eb6f568d65,2,4,,,3,흙,https://dbscthumb-phinf.pstatic.net/4776_000_3/20200824203313560_GMVQB6P81.jpg/fe87_510_i1.jpg?type=m251&wm=Y
막시모 40도,증류주,40,4,500,49000,0.41,0,,https://smartstore.naver.com/makkaejoo_market/products/7815867448?NaPm=ct%3Dlpgl7fm8%7Cci%3D0zu00002fkfzveCuS1n5%7Ctr%3Dpla%7Chk%3D039a56573e26e92ee6d3fabe574dee42476a606c,2,3,,,4,베리,https://dbscthumb-phinf.pstatic.net/4776_000_2/20190726144003806_8T5BG7L98.jpg/fe87_346_i1.jpg?type=m251&wm=Y
막쿠르트,탁주,6,1,450,6500,0.42,0,,,4,2,4,1,,요구르트,https://d38cxpfv0ljg7q.cloudfront.net/admin_contents/detail/4HAL-1690276232250-1Z7A1564.jpg
만강에 비친 달,탁주,10,2,500,12000,0.42,0,,https://smartstore.naver.com/ye-sul/products/2086011242?NaPm=ct%3Dlpgl7wlc%7Cci%3D0zW0000mfkfzTkrx11pM%7Ctr%3Dpla%7Chk%3Dd2b71b7dafea3d8ce3cd8baca6a0cfb2b1fc2ef9,2,3,3,3,,무향,https://dbscthumb-phinf.pstatic.net/4776_000_1/20170113200354565_70DEY1IM5.jpg/fe87_049_i1.jpg?type=m251&wm=Y
맑은 문희주,약주,13,4,750,36000,0.27,0,,https://www.sooldamhwa.com/damhwaMarket/detail/145,3,2,1,1,,무향,https://dbscthumb-phinf.pstatic.net/4776_000_1/20170116183312216_3JCMJ114O.jpg/fe87_094_i1.jpg?type=m251&wm=Y
맑은내일 단감명작,과실주,7,1,300,5000,0.42,0,,,3,2,2,3,,감,https://dbscthumb-phinf.pstatic.net/4776_000_3/20220323114554702_VMLR890DG.png/fe87_536_i1.png?type=m251&wm=Y
맑은내일 우포 325ml,약주,12,3,325,5000,0.78,0,,,3,2,2,2,,무향,https://dbscthumb-phinf.pstatic.net/4776_000_2/20200824192801910_61RYGINQY.jpg/fe87_488_i1.jpg?type=m251&wm=Y
맑은내일 우포 500ml,약주,12,3,500,7000,0.86,1,,,3,2,2,2,,무향,https://dbscthumb-phinf.pstatic.net/4776_000_2/20200824192801910_61RYGINQY.jpg/fe87_488_i1.jpg?type=m251&wm=Y
매실원주,증류주,13,1,375,6000,0.81,0,,,3,3,,,2,"매실, 꿀",https://dbscthumb-phinf.pstatic.net/4776_000_1/20170522145518281_1S6I647X0.jpg/fe87_145_i1.jpg?type=m251&wm=Y
매실향기 담은 술,약주,14,4,500,6000,1.17,1,,https://mssool.co.kr/category/%EC%A6%9D%EB%A5%98%EC%8B%9D%EC%86%8C%EC%A3%BC%EC%95%BD%EC%A3%BC/25/,3,3,3,3,,무향,https://dbscthumb-phinf.pstatic.net/4776_000_2/20190726181109433_EPUC6ID06.jpg/fe87_422_i1.jpg?type=m251&wm=Y
머루 이야기,과실주,12,3,375,6000,0.75,0,,,3,2,1,1,,무향,https://dbscthumb-phinf.pstatic.net/4776_000_1/20170522181501077_JI6CLLTGF.jpg/fe87_179_i1.jpg?type=m251&wm=Y
머루드서 드라이,과실주,13.5,4,750,35000,0.29,0,,,2,4,4,3,,무향,https://dbscthumb-phinf.pstatic.net/4776_000_2/20200824184534918_DANFDJQ84.jpg/fe87_473_i1.jpg?type=m251&wm=Y
머루드서 스위트,과실주,12,3,750,30000,0.3,0,,,4,4,3,3,,무향,https://dbscthumb-phinf.pstatic.net/4776_000_2/20200824184853347_6O5E0NMWZ.jpg/fe87_474_i1.jpg?type=m251&wm=Y
메로니아,탁주,4,1,750,2000,1.5,1,,,4,2,1,5,,멜론,https://dbscthumb-phinf.pstatic.net/4776_000_1/20170112175143396_V1UQBALSO.jpg/fe87_010_i1.jpg?type=m251&wm=Y
면천두견주,약주,18,5,360,16500,0.39,0,면천두견주 360ml,,4,4,1,1,,꽃,https://dbscthumb-phinf.pstatic.net/4776_000_1/20181013063601781_ROLSYWZKO.jpg/fe87_318_i1.jpg?type=m251&wm=Y
명인 안동소주 22도,증류주,22,2,360,4500,1.76,1,,,3,2,,,1,무향,https://dbscthumb-phinf.pstatic.net/4776_000_1/20170522162333535_OCCBZ89PX.jpg/fe87_161_i1.jpg?type=m251&wm=Y
명인 안동소주 양반탈,증류주,45,5,800,35000,1.03,1,,,3,3,,,1,무향,https://dbscthumb-phinf.pstatic.net/4776_000_1/20170522161550190_47KL5GJOG.JPG/fe87_160_i1.JPG?type=m251&wm=Y
명인 안동소주 호리병,증류주,45,5,800,30000,1.2,1,,,3,3,,,1,무향,https://dbscthumb-phinf.pstatic.net/4776_000_1/20170522160812177_IZHIQMDOY.JPG/fe87_159_i1.JPG?type=m251&wm=Y
명작 복분자,과실주,13,4,375,6500,0.75,0,,,3,1,1,1,,베리,https://dbscthumb-phinf.pstatic.net/4776_000_1/20170522122544936_M8DFBY9V9.jpg/fe87_120_i1.jpg?type=m251&wm=Y
명품 진도홍주 38도,증류주,38,3,375,20000,0.71,0,,,3,3,,,3,무향,https://dbscthumb-phinf.pstatic.net/4776_000_1/20170522141855700_2AIH667Y7.jpg/fe87_139_i1.jpg?type=m251&wm=Y
모월 로,증류주,25,2,500,25000,0.5,0,,,3,2,,,3,무향,https://dbscthumb-phinf.pstatic.net/4776_000_2/20200824193820985_K2MJ9N55G.jpg/fe87_491_i1.jpg?type=m251&wm=Y
모월 인,증류주,41,5,500,40000,0.51,0,,,2,3,,,4,무향,https://dbscthumb-phinf.pstatic.net/4776_000_2/20200824193546456_PTKIQQ32Y.jpg/fe87_490_i1.jpg?type=m251&wm=Y
모월 청,약주,16,5,500,21000,0.38,0,,,1,3,3,2,,무향,https://dbscthumb-phinf.pstatic.net/4776_000_2/20200824194049194_CXYXL4G4E.jpg/fe87_492_i1.jpg?type=m251&wm=Y
모을동주 소주,증류주,43,5,375,15000,1.08,1,,,2,4,,,3,무향,https://dbscthumb-phinf.pstatic.net/4776_000_2/20200824200249959_SPOX121C8.jpg/fe87_501_i1.jpg?type=m251&wm=Y
모을동주 약주,약주,13,4,375,13000,0.38,0,,,4,4,3,3,,무향,https://dbscthumb-phinf.pstatic.net/4776_000_2/20200824200040621_DUAWP1YP1.jpg/fe87_500_i1.jpg?type=m251&wm=Y
무주 구천동 머루와인,과실주,12,3,750,25000,0.36,0,,,2,3,2,1,,무향,https://dbscthumb-phinf.pstatic.net/4776_000_1/20170522151516741_Z4KJBKJ0M.jpg/fe87_149_i1.jpg?type=m251&wm=Y
무주 구천동 산머루주,과실주,16,5,750,15000,0.8,0,,,2,3,2,1,,무향,https://dbscthumb-phinf.pstatic.net/4776_000_1/20170522152040745_5VKW9PGW9.jpg/fe87_150_i1.jpg?type=m251&wm=Y
문경바람 백자 25도 375ml,증류주,25,2,375,16500,0.57,0,,,2,3,,,2,사과,https://dbscthumb-phinf.pstatic.net/4776_000_3/20230323160433750_58QJ651P9.jpg/fe87_263_i1.jpg?type=m251&wm=Y
문경바람 백자 25도 750ml,증류주,25,2,750,30000,0.63,0,,,2,3,,,2,사과,https://dbscthumb-phinf.pstatic.net/4776_000_3/20230323160433750_58QJ651P9.jpg/fe87_263_i1.jpg?type=m251&wm=Y
문경바람 백자 40도 375ml,증류주,40,4,375,25500,0.59,0,,,4,3,,,3,사과,https://dbscthumb-phinf.pstatic.net/4776_000_3/20230323160351296_EKRZC5H1Q.jpg/fe87_262_i1.jpg?type=m251&wm=Y
문경바람 백자 40도 750ml,증류주,40,4,750,40000,0.75,0,,,4,3,,,3,사과,https://dbscthumb-phinf.pstatic.net/4776_000_3/20230323160351296_EKRZC5H1Q.jpg/fe87_262_i1.jpg?type=m251&wm=Y
문경바람 오크 375ml,증류주,40,4,375,30000,0.5,0,,,2,4,,,4,사과,https://dbscthumb-phinf.pstatic.net/4776_000_3/20230323160330810_G74A4JD1Q.jpg/fe87_261_i1.jpg?type=m251&wm=Y
문경바람 오크 750ml,증류주,40,4,750,44000,0.68,0,,,2,4,,,4,사과,https://dbscthumb-phinf.pstatic.net/4776_000_3/20230323160330810_G74A4JD1Q.jpg/fe87_261_i1.jpg?type=m251&wm=Y
문배술 헤리티지 25도,증류주,25,2,375,6000,1.56,1,,,2,3,,,2,무향,https://dbscthumb-phinf.pstatic.net/4776_000_1/20170522163344489_1YI0G715J.jpg/fe87_163_i1.jpg?type=m251&wm=Y
문배술 헤리티지 40도,증류주,40,4,200,12000,0.67,0,,,,,,,,무향,https://dbscthumb-phinf.pstatic.net/4776_000_1/20170522164125274_3S0UZLNWY.jpg/fe87_164_i1.jpg?type=m251&wm=Y
문희 햇찹쌀 수제 전통주,탁주,13,4,500,15000,0.43,0,,,3,3,1,2,,무향,https://dbscthumb-phinf.pstatic.net/4776_000_1/20170113201522952_B7OZO8TYK.jpg/fe87_070_i1.jpg?type=m251&wm=Y
미르 25도,증류주,25,2,375,18000,0.52,0,,,2,3,,,2,무향,https://dbscthumb-phinf.pstatic.net/4776_000_1/20170116183811505_7PS7QO4BZ.jpg/fe87_101_i1.jpg?type=m251&wm=Y
미르 40도,증류주,40,4,375,23000,0.65,0,,,1,4,,,4,무향,https://dbscthumb-phinf.pstatic.net/4776_000_1/20170112174944783_LIGF9O86H.jpg/fe87_001_i1.jpg?type=m251&wm=Y
미상,증류주,25,2,350,13000,0.67,0,미상 전통주,,4,3,,,4,시트러스,https://cdn-pro-web-251-112.cdn-nhncommerce.com/motioneye1_godomall_com/data/goods/21/09/36/100000030/100000030_detail_028.jpg
미생 막걸리,탁주,6,1,750,1100,4.09,1,,,2,3,3,3,,무향,https://dbscthumb-phinf.pstatic.net/4776_000_1/20181013061306620_1KUWMGMM9.jpg/
미소 아이스,과실주,12,3,375,40000,0.11,0,미소 아이스 전통주,,4,3,1,2,,포도,https://dbscthumb-phinf.pstatic.net/4776_000_1/20170113195656055_E6HTARPXC.jpg/fe87_034_i1.jpg?type=m251&wm=Y
미인약주,약주,15,4,500,25000,0.3,0,,,4,2,1,1,,무향,https://dbscthumb-phinf.pstatic.net/4776_000_1/20181013034743634_M48C9PA6V.jpg/fe87_293_i1.jpg?type=m251&wm=Y
미인탁주,탁주,10,2,500,15000,0.33,0,,,3,3,1,1,,무향,https://dbscthumb-phinf.pstatic.net/4776_000_1/20181013034217923_6XFYFPG7Y.jpg/fe87_292_i1.jpg?type=m251&wm=Y
민속주 안동소주 400ml,증류주,45,5,400,28000,0.64,0,,,1,4,,,1,무향,https://dbscthumb-phinf.pstatic.net/4776_000_1/20170522170240758_XSQYVOEFM.jpg/fe87_167_i1.jpg?type=m251&wm=Y
민속주 안동소주 600ml,증류주,45,5,600,28000,0.96,1,,,1,4,,,1,무향,https://dbscthumb-phinf.pstatic.net/4776_000_1/20170522165438903_MOC2PBVFO.jpg/fe87_166_i1.jpg?type=m251&wm=Y
민속주 안동소주 800ml,증류주,45,5,800,33500,1.07,1,,,1,4,,,1,무향,https://dbscthumb-phinf.pstatic.net/4776_000_1/20170522164810099_2CFFRLDUM.jpg/fe87_165_i1.jpg?type=m251&wm=Y
바다한잔 동해소주,증류주,17.5,1,360,2800,2.25,1,,,2,4,,,4,무향,https://cdn-pro-web-251-112.cdn-nhncommerce.com/motioneye1_godomall_com/data/goods/21/09/38/100000089/100000089_detail_048.jpg
바랑 탁,탁주,15,4,375,18000,0.31,0,,,4,4,2,1,,무향,https://dbscthumb-phinf.pstatic.net/4776_000_2/20200824195225929_MP2CDPJ0I.jpg/fe87_497_i1.jpg?type=m251&wm=Y
밤꽃향기,약주,13.5,4,375,4000,1.27,1,,,5,2,2,2,,무향,https://dbscthumb-phinf.pstatic.net/4776_000_1/20181013024252178_Z43EQIDQB.jpg/fe87_285_i1.jpg?type=m251&wm=Y
방문주 약주,약주,15,4,500,7000,1.07,1,,,2,3,3,3,,무향,https://dbscthumb-phinf.pstatic.net/4776_000_2/20190726143600391_ECYP54JP9.jpg/fe87_344_i1.jpg?type=m251&wm=Y
방문주 탁주,탁주,15,4,500,6000,1.25,1,,,2,3,3,3,,무향,https://dbscthumb-phinf.pstatic.net/4776_000_2/20190726143405659_RWKT3E25M.jpg/fe87_343_i1.jpg?type=m251&wm=Y
배꽃담은 연 생막걸리,탁주,10,2,720,20000,0.36,0,,,3,2,3,4,,꽃,https://dbscthumb-phinf.pstatic.net/4776_000_2/20190726140504374_5S9AALD44.jpg/fe87_330_i1.jpg?type=m251&wm=Y
배도가 로아 19도 레드,증류주,19,1,350,10000,0.67,0,,,2,2,,,4,사과,https://dbscthumb-phinf.pstatic.net/4776_000_3/20220323114339292_XF6MY1E7A.png/fe87_534_i1.png?type=m251&wm=Y
배도가 로아 40도 옐로우,증류주,40,4,350,20000,0.7,0,,,2,3,,,2,사과,https://dbscthumb-phinf.pstatic.net/4776_000_1/20170522174311526_THNUY8D9J.jpg/fe87_174_i1.jpg?type=m251&wm=Y
백년향,탁주,10,2,500,11000,0.45,0,,,3,3,3,2,,무향,https://dbscthumb-phinf.pstatic.net/4776_000_2/20190726154131667_I73NBER42.jpg/fe87_370_i1.jpg?type=m251&wm=Y
백련 맑은술,약주,12,3,375,7000,0.64,0,,,2,2,2,1,,꽃,https://dbscthumb-phinf.pstatic.net/4776_000_1/20170220162000705_KLTUKC2GF.jpg/%EC%8B%A0%ED%8F%89.jpg?type=m251&wm=Y
백련 생 막걸리 Misty,탁주,7,1,500,3000,1.17,1,,,2,2,3,4,,꽃,https://dbscthumb-phinf.pstatic.net/4776_000_1/20170116182513588_JWOEOYNXK.jpg/fe87_083_i1.jpg?type=m251&wm=Y
백련 생 막걸리 Snow,탁주,6,1,750,1600,2.81,1,,,2,2,2,4,,꽃,https://dbscthumb-phinf.pstatic.net/4776_000_1/20170116182406377_QSCXEQ60W.jpg/fe87_081_i1.jpg?type=m251&wm=Y
백운 복분자 와인,과실주,11,2,300,7000,0.47,0,,,2,1,2,1,,베리,https://dbscthumb-phinf.pstatic.net/4776_000_1/20170522175406242_4G4GK73HN.JPG/fe87_176_i1.JPG?type=m251&wm=Y
백운 복분자주,과실주,13,4,360,7000,0.67,0,,,3,2,2,2,,베리,https://dbscthumb-phinf.pstatic.net/4776_000_1/20170522174800230_1UOHVZX7W.JPG/fe87_175_i1.JPG?type=m251&wm=Y
백이주,증류주,35,3,800,30000,0.93,1,,,2,3,2,1,,"스파이시, 흙",https://dbscthumb-phinf.pstatic.net/4776_000_3/20220323113956711_9PAKZKGR0.png/fe87_533_i1.png?type=m251&wm=Y
뱅꼬레 로제와인,과실주,11.5,2,375,23000,0.19,0,,,4,2,3,3,,포도,https://dbscthumb-phinf.pstatic.net/4776_000_1/20181012210240572_XK8VZYOLZ.jpg/fe87_243_i1.jpg?type=m251&wm=Y
별바랑,약주,17.5,5,375,27000,0.24,0,,,4,4,2,2,,무향,https://dbscthumb-phinf.pstatic.net/4776_000_2/20200824195506913_4EW1YOOHL.jpg/fe87_498_i1.jpg?type=m251&wm=Y
별빛청하,과실주,7,1,295,2300,0.9,1,,https://mall.lottechilsung.co.kr/display/showDisplay.lecs?goodsNo=CF31144795,3,3,2,2,,포도,https://file.newswire.co.kr/data/datafile2/thumb_640/2023/01/31017998_20230105090602_7640333236.jpg
복분자 아락,증류주,40,4,500,40000,0.5,0,,,2,2,,,3,베리,https://dbscthumb-phinf.pstatic.net/4776_000_1/20170524104412274_I99QVMN5H.jpg/fe87_170_i1.jpg?type=m251&wm=Y
복분자음,과실주,12,3,375,6000,0.75,0,복분자음 12도,,2,3,2,1,,베리,https://dbscthumb-phinf.pstatic.net/4776_000_1/20170524104616975_CBQ4VJBPS.jpg/fe87_172_i1.jpg?type=m251&wm=Y
복순도가 손 막걸리,탁주,6.5,1,935,12000,0.51,0,,,2,2,3,5,,무향,https://dbscthumb-phinf.pstatic.net/4776_000_1/20170113200703070_CT9LUIG2R.jpg/fe87_056_i1.jpg?type=m251&wm=Y
복숭아와인,과실주,12,3,750,29000,0.31,0,복숭아와인 12도,,3,3,2,2,,피치,https://dbscthumb-phinf.pstatic.net/4776_000_2/20190726161359173_9HUOKI9N5.jpg/fe87_381_i1.jpg?type=m251&wm=Y
볼빨간 막걸리,탁주,10,2,500,7000,0.71,0,,,1,4,5,4,,무향,https://dbscthumb-phinf.pstatic.net/4776_000_2/20200824201456044_9CYIGJSI8.jpg/fe87_506_i1.jpg?type=m251&wm=Y
부안 참뽕 와인,과실주,13,4,750,18000,0.54,0,,,3,2,2,1,,베리,https://dbscthumb-phinf.pstatic.net/4776_000_1/20170522153202054_KTKM4P4O2.jpg/fe87_153_i1.jpg?type=m251&wm=Y
부자 10도,탁주,10,2,375,5000,0.75,0,부자막걸리 10도,,4,4,1,1,,무향,https://dbscthumb-phinf.pstatic.net/4776_000_1/20170112175209439_R80JW7O1W.jpg/fe87_012_i1.jpg?type=m251&wm=Y
불소곡주,증류주,43,5,700,30000,1,1,불소곡주 43도 700ml,,2,4,,,3,스파이시,https://dbscthumb-phinf.pstatic.net/4776_000_1/20170522120402956_SI6QIFFEE.jpg/fe87_109_i1.jpg?type=m251&wm=Y
붉은 원숭이,탁주,10.8,2,375,7000,0.58,0,,,4,2,2,2,,무향,https://dbscthumb-phinf.pstatic.net/4776_000_1/20170112175155456_M0XP15G2K.jpg/fe87_011_i1.jpg?type=m251&wm=Y
사과와인,과실주,12,3,500,20000,0.3,0,금이산농원 사과와인,,3,3,2,2,,사과,https://dbscthumb-phinf.pstatic.net/4776_000_2/20190726161906222_QQZWJ0A98.jpg/fe87_383_i1.jpg?type=m251&wm=Y
산내울 사과애주,증류주,16,1,375,6200,0.97,1,,,4,2,,,2,사과,https://dbscthumb-phinf.pstatic.net/4776_000_2/20200824175052305_QC1VFFGHF.jpg/fe87_452_i1.jpg?type=m251&wm=Y
산내울 오미자주,증류주,16,1,375,6500,0.92,1,,,2,2,,,3,베리,https://dbscthumb-phinf.pstatic.net/4776_000_2/20200824174729359_N7W78ZJG0.jpg/fe87_450_i1.jpg?type=m251&wm=Y
산정호수 동정춘 막걸리,탁주,6,1,720,20000,0.22,0,,,5,4,1,1,,무향,https://dbscthumb-phinf.pstatic.net/4776_000_2/20190726140234357_98MLRQ66S.jpg/fe87_329_i1.jpg?type=m251&wm=Y
삼양춘 생 약주,약주,15,4,500,20000,0.38,0,,,2,2,1,1,,무향,https://dbscthumb-phinf.pstatic.net/4776_000_1/20181013035930533_I2J6X04GR.jpg/fe87_295_i1.jpg?type=m251&wm=Y
삼양춘 생 탁주,탁주,12.5,4,500,12000,0.52,0,,,2,4,1,1,,무향,https://dbscthumb-phinf.pstatic.net/4776_000_1/20181013035355517_I7BH2GKXB.jpg/fe87_294_i1.jpg?type=m251&wm=Y
삼양춘 청주,약주,15,4,500,16800,0.45,0,,,3,3,4,2,,무향,https://dbscthumb-phinf.pstatic.net/4776_000_3/20200824211112381_47VMUG3Y8.jpg/fe87_526_i1.jpg?type=m251&wm=Y
샤토미소 랑,과실주,12,3,375,20000,0.23,0,,,4,2,3,2,,포도,https://dbscthumb-phinf.pstatic.net/4776_000_2/20190726144753809_O4DAV7GMZ.jpg/fe87_350_i1.jpg?type=m251&wm=Y
샤토미소 레드 프리미엄 드라이,과실주,12,3,750,40000,0.23,0,,,2,3,3,2,,포도,https://dbscthumb-phinf.pstatic.net/4776_000_2/20190726145035725_6S4CC37DU.jpg/fe87_351_i1.jpg?type=m251&wm=Y
샤토미소 로제 스위트,과실주,12,3,375,20000,0.23,0,,,3,2,1,2,,포도,https://dbscthumb-phinf.pstatic.net/4776_000_1/20170113195718797_WKS9021BK.jpg/fe87_035_i1.jpg?type=m251&wm=Y
샤토미소 스위트,과실주,12,3,750,20000,0.45,0,,,3,3,1,2,,포도,https://dbscthumb-phinf.pstatic.net/4776_000_1/20170113195733955_PZD5U0ZWQ.jpg/fe87_036_i1.jpg?type=m251&wm=Y
샤토미소 영동,증류주,40,4,200,30000,0.27,0,샤토미소 영동 40도,,2,4,,,3,포도,https://dbscthumb-phinf.pstatic.net/4776_000_2/20190726145345007_EIFBX0W2A.jpg/fe87_352_i1.jpg?type=m251&wm=Y
서울의 밤,증류주,25,2,375,7500,1.25,1,,,2,2,,,4,"매실, 꿀, 흙",https://dbscthumb-phinf.pstatic.net/4776_000_2/20181016191204559_YG8AEQGYD.jpg/fe87_266_i1.jpg?type=m251&wm=Y
서주,약주,16,5,450,50000,0.14,0,,https://www.pcwine.co.kr/,3,3,2,3,,무향,https://dbscthumb-phinf.pstatic.net/4776_000_2/20190726173545918_H7AP76A5L.jpg/fe87_408_i1.jpg?type=m251&wm=Y
석로주,약주,13,4,500,20000,0.33,0,석로주 13도 500ml,,1,4,1,1,,무향,https://dbscthumb-phinf.pstatic.net/4776_000_3/20230323160516038_46I8IFIIY.jpg/fe87_309_i1.jpg?type=m251&wm=Y
석탄주 약주,약주,15,4,500,7000,1.07,1,,,1,3,3,2,,무향,https://dbscthumb-phinf.pstatic.net/4776_000_2/20190726143157722_IOQJC5DGP.jpg/fe87_342_i1.jpg?type=m251&wm=Y
선운산 복분자주,과실주,16,5,375,6250,0.96,1,,,4,2,4,3,,베리,https://dbscthumb-phinf.pstatic.net/4776_000_2/20190726141913121_CYKXHFPQT.jpg/fe87_336_i1.jpg?type=m251&wm=Y
선운산 복분자주 프리미엄,과실주,19,5,500,40000,0.24,0,,,4,2,3,3,,베리,https://dbscthumb-phinf.pstatic.net/4776_000_2/20190729165450101_WFS36KLAQ.jpg/fe87_338_i1.jpg?type=m251&wm=Y
선운산의 아침 복분자 막걸리,탁주,6,1,750,2300,1.96,1,,,2,2,2,1,,베리,https://dbscthumb-phinf.pstatic.net/4776_000_1/20170522123454919_KF7TU50RL.jpg/fe87_122_i1.jpg?type=m251&wm=Y
선호 생 막걸리,탁주,6,1,750,1900,2.37,1,,,2,3,3,3,,무향,https://dbscthumb-phinf.pstatic.net/4776_000_1/20181013060525629_3F1OK8L05.jpg/fe87_313_i1.jpg?type=m251&wm=Y
선희10 (Sunny10),탁주,10,2,330,18000,0.18,0,선희10 전통주,,4,3,3,2,,시트러스,https://d2gfz7wkiigkmv.cloudfront.net/pickin/2/1/2/bYZjB3yUQAWEapwzplrD4g
설련주,약주,16,5,750,35000,0.34,0,,,2,3,4,2,,꽃,https://dbscthumb-phinf.pstatic.net/4776_000_2/20200824181416232_QXDXFJ0LD.jpg/fe87_461_i1.jpg?type=m251&wm=Y
설하담 475ml,탁주,7,1,475,3900,0.85,1,,,3,2,1,4,,무향,https://dbscthumb-phinf.pstatic.net/4776_000_2/20190726163453158_PCRO5EQ00.jpg/fe87_388_i1.jpg?type=m251&wm=Y
설하담 940ml,탁주,7,1,940,7400,0.89,1,,,3,2,1,4,,무향,https://dbscthumb-phinf.pstatic.net/4776_000_2/20190726163453158_PCRO5EQ00.jpg/fe87_388_i1.jpg?type=m251&wm=Y
성포 생 막걸리,탁주,6,1,750,1100,4.09,1,,http://seongpo.co.kr/shop/list_itemall.php?page=2,3,3,3,3,,"허브,아로마",https://dbscthumb-phinf.pstatic.net/4776_000_2/20200824181948661_RWKY053PU.jpg/fe87_463_i1.jpg?type=m251&wm=Y
세종 알밤주,탁주,6,1,750,1500,3,1,,,4,2,1,3,,무향,https://dbscthumb-phinf.pstatic.net/4776_000_1/20170224102143917_X3OALY906.jpg/fe87_078_i1.jpg?type=m251&wm=Y
세종대왕어주 약주,약주,15,4,500,25900,0.29,0,,,3,3,1,1,,무향,https://dbscthumb-phinf.pstatic.net/4776_000_2/20200824170807264_OJ2M0B5P2.jpg/fe87_436_i1.jpg?type=m251&wm=Y
세종대왕어주 탁주,탁주,13,4,500,16900,0.38,0,,,3,2,3,1,,무향,https://dbscthumb-phinf.pstatic.net/4776_000_2/20200824171105629_VRT6QDXNZ.jpg/fe87_437_i1.jpg?type=m251&wm=Y
소나무와 학,증류주,43,5,750,39000,0.83,1,,,4,4,,,3,"허브,아로마, 흙, 스파이시",https://dbscthumb-phinf.pstatic.net/4776_000_1/20170522202048283_VJEL6KHY9.jpg/fe87_199_i1.jpg?type=m251&wm=Y
소백산 생 막걸리,탁주,6,1,750,1980,2.27,1,,,2,2,3,2,,무향,https://dbscthumb-phinf.pstatic.net/4776_000_1/20170113200915723_8UAL5M7DW.jpg/fe87_059_i1.jpg?type=m251&wm=Y
솔송주 골드,약주,13,4,375,7000,0.7,0,솔송주 13도,,2,3,1,2,,"허브,아로마",https://dbscthumb-phinf.pstatic.net/4776_000_1/20170113200321537_H6NW6YYPX.jpg/fe87_047_i1.jpg?type=m251&wm=Y
송명섭 막걸리,탁주,6,1,750,3000,1.5,1,,,1,3,3,3,,무향,https://dbscthumb-phinf.pstatic.net/4776_000_1/20181013063235756_GV9IBYQ6O.jpg/fe87_317_i1.jpg?type=m251&wm=Y
송이주,약주,13,4,375,12000,0.41,0,,,1,2,4,1,,흙,https://dbscthumb-phinf.pstatic.net/4776_000_1/20181013014529537_VOUXM0UT7.jpg/fe87_278_i1.jpg?type=m251&wm=Y
순향주,약주,15,4,375,19000,0.3,0,,,2,2,2,2,,무향,https://dbscthumb-phinf.pstatic.net/4776_000_2/20190726182523254_QS6UDE4IH.jpg/fe87_427_i1.jpg?type=m251&wm=Y
술공방 9.0 생 막걸리,탁주,9,2,500,5000,0.9,1,,,3,3,2,1,,무향,https://dbscthumb-phinf.pstatic.net/4776_000_2/20200824190548442_B3OB01R2H.jpg/fe87_480_i1.jpg?type=m251&wm=Y
술샘 이화주,탁주,8,2,100,7600,0.11,0,,,3,4,3,1,,무향,https://dbscthumb-phinf.pstatic.net/4776_000_3/20230323155935055_0G9EV2D1A.jpg/fe87_007_i1.jpg?type=m251&wm=Y
술아 국화주,약주,15,4,375,18000,0.31,0,술아원 국화주,,4,4,3,2,,꽃,https://dbscthumb-phinf.pstatic.net/4776_000_1/20181013071307793_IYQB0A0HG.jpg/fe87_323_i1.jpg?type=m251&wm=Y
술아 매화주,약주,15,4,375,18000,0.31,0,,,5,4,3,2,,꽃,https://dbscthumb-phinf.pstatic.net/4776_000_1/20181013065840999_1J1DYQP9R.jpg/fe87_321_i1.jpg?type=m251&wm=Y
술아 순곡주,약주,20,5,375,18000,0.42,0,,,5,5,3,2,,무향,https://dbscthumb-phinf.pstatic.net/4776_000_1/20181013072034509_EAR5K1RIZ.jpg/fe87_324_i1.jpg?type=m251&wm=Y
술아 연화주,약주,15,4,375,18000,0.31,0,,,5,4,3,2,,꽃,https://dbscthumb-phinf.pstatic.net/4776_000_1/20181013070614622_4BWJSH46I.jpg/fe87_322_i1.jpg?type=m251&wm=Y
술취한 원숭이,탁주,10.8,2,375,7000,0.58,0,,,4,2,2,2,,무향,https://dbscthumb-phinf.pstatic.net/4776_000_1/20170224110556451_9XTH58QMX.jpg/fe87_064_i1.jpg?type=m251&wm=Y
술헤는밤,탁주,8,2,730,5900,0.99,1,,,2,3,4,2,,무향,https://dbscthumb-phinf.pstatic.net/4776_000_2/20190726182743605_2KW4YLDGV.jpg/fe87_428_i2.jpg?type=m251&wm=Y
시나브로 드 글로리아,과실주,12,3,750,25000,0.36,0,,,3,2,3,2,,포도,https://dbscthumb-phinf.pstatic.net/4776_000_2/20190726150503562_RVKZWV96Y.jpg/fe87_356_i1.jpg?type=m251&wm=Y
시나브로 레드 드라이,과실주,12,3,750,25000,0.36,0,,,2,3,3,3,,포도,https://dbscthumb-phinf.pstatic.net/4776_000_2/20190726145624313_CSKB058I7.jpg/fe87_353_i1.jpg?type=m251&wm=Y
시나브로 레드 스위트,과실주,12,3,750,25000,0.36,0,,,3,2,3,3,,포도,https://dbscthumb-phinf.pstatic.net/4776_000_2/20190726145910403_89WSJUOPT.jpg/fe87_354_i1.jpg?type=m251&wm=Y
시나브로 로제와인,과실주,11,2,500,30000,0.18,0,,,3,3,3,3,,포도,https://dbscthumb-phinf.pstatic.net/4776_000_2/20200824173040335_VW82KACHR.jpg/fe87_444_i1.jpg?type=m251&wm=Y
시나브로 에뚜왈 로제 스파클링,과실주,5,1,750,30000,0.13,0,,,2,2,3,4,,포도,https://dbscthumb-phinf.pstatic.net/4776_000_2/20200824172723957_FPBVJDEN8.jpg/fe87_443_i1.jpg?type=m251&wm=Y
시나브로 화이트와인,과실주,11,2,500,30000,0.18,0,,,4,3,4,4,,포도,https://dbscthumb-phinf.pstatic.net/4776_000_2/20200824172432276_OAHZQ39XO.jpg/fe87_442_i1.jpg?type=m251&wm=Y
시인의 마을 우리쌀 막걸리,탁주,10,2,700,7900,0.89,1,,,2,4,3,3,,무향,https://dbscthumb-phinf.pstatic.net/4776_000_1/20181012192832445_LXCJHW3DX.jpg/fe87_232_i1.jpg?type=m251&wm=Y
신례명주,증류주,50,5,750,99000,0.38,0,,,2,4,,,4,시트러스,https://dbscthumb-phinf.pstatic.net/4776_000_2/20190726162400832_9CKAF8BDS.jpg/fe87_385_i1.jpg?type=m251&wm=Y
신선주 약주,약주,16,5,500,25000,0.32,0,,,3,3,3,3,,"꽃, 흙, 스파이시",https://dbscthumb-phinf.pstatic.net/4776_000_3/20220323115622091_J4DCNLSXN.jpg/fe87_540_i1.jpg?type=m251&wm=Y
신선주 증류주,증류주,42,5,375,60000,0.26,0,,,2,3,,,4,"꽃, 흙, 스파이시",https://dbscthumb-phinf.pstatic.net/4776_000_3/20220323115755079_WIQY3LFXS.jpg/fe87_541_i1.jpg?type=m251&wm=Y
심플리 애플,과실주,12,3,350,9000,0.47,0,,,3,1,2,2,,"사과, 꿀",https://dbscthumb-phinf.pstatic.net/4776_000_3/20220323114451213_8THKI406F.jpg/fe87_535_i1.jpg?type=m251&wm=Y
아황주,약주,17,5,500,23000,0.37,0,,,1,3,3,1,,무향,https://dbscthumb-phinf.pstatic.net/4776_000_1/20181013033514144_YTUSKJLX5.jpg/fe87_291_i1.jpg?type=m251&wm=Y
안동소주 일품 17도,증류주,17,1,350,4000,1.49,1,,,3,2,,,1,무향,https://dbscthumb-phinf.pstatic.net/4776_000_1/20170522200009206_ND9JGT39T.jpg/fe87_195_i1.jpg?type=m251&wm=Y
안동소주 일품 21도,증류주,21,2,350,4500,1.63,1,,,3,2,,,1,무향,https://dbscthumb-phinf.pstatic.net/4776_000_1/20170522195747164_MO4OF3JSJ.jpg/fe87_194_i1.jpg?type=m251&wm=Y
안동소주 일품 40도 골드,증류주,40,4,500,18000,1.11,1,,,3,3,,,1,무향,https://dbscthumb-phinf.pstatic.net/4776_000_1/20170522194941961_Y6OX65PSX.jpg/fe87_193_i1.jpg?type=m251&wm=Y
야관문 쌀 막걸리,탁주,6,1,750,1500,3,1,,,1,1,3,2,,무향,https://dbscthumb-phinf.pstatic.net/4776_000_1/20170523190623083_YODHLWOOD.jpg/fe87_228_i1.jpg?type=m251&wm=Y
어우야,약주,16,5,365,9900,0.59,0,,,2,2,3,3,,흙,https://dbscthumb-phinf.pstatic.net/4776_000_2/20190726175031720_5I85E61YF.jpg/fe87_414_i1.jpg?type=m251&wm=Y
여유,증류주,40,4,375,25800,0.58,0,여유 전통주,,2,4,,,4,무향,https://d38cxpfv0ljg7q.cloudfront.net/admin_contents/detail/rNEn-1639643729412-yy0.jpg
여포의 꿈 레드 드라이,과실주,12,3,750,20000,0.45,0,,,2,2,2,1,,포도 ,https://dbscthumb-phinf.pstatic.net/4776_000_1/20170113195900211_TWJ597247.jpg/fe87_039_i1.jpg?type=m251&wm=Y
여포의 꿈 레드 스위트,과실주,12,3,750,20000,0.45,0,,,4,3,1,2,,포도 ,https://dbscthumb-phinf.pstatic.net/4776_000_1/20170113195949028_MQXHS76B9.jpg/fe87_040_i1.jpg?type=m251&wm=Y
여포의 꿈 화이트,과실주,12,3,375,20000,0.23,0,,,1,2,2,1,,포도 ,https://dbscthumb-phinf.pstatic.net/4776_000_1/20170113195813414_4K9DARKXN.jpg/fe87_038_i1.jpg?type=m251&wm=Y
연천 아주,탁주,8,2,750,6000,1,1,,https://smartstore.naver.com/ycbrewery/products/4838366418,2,3,4,3,,무향,https://dbscthumb-phinf.pstatic.net/4776_000_3/20200824205322335_QAZ944VJV.jpg/fe87_519_i1.jpg?type=m251&wm=Y
연천 연주,약주,12,3,500,15000,0.4,0,,https://smartstore.naver.com/ycbrewery/products/4838391354,2,3,4,2,,무향,https://dbscthumb-phinf.pstatic.net/4776_000_3/20200824205734849_7W9GPDDFC.jpg/fe87_521_i1.jpg?type=m251&wm=Y
연천 우주,증류주,22,2,360,8500,0.93,1,,,3,3,,,3,무향,https://dbscthumb-phinf.pstatic.net/4776_000_3/20200824205959659_K8MNF9HOH.jpg/fe87_522_i1.jpg?type=m251&wm=Y
예담은 한산소곡주,약주,16,5,750,12000,1,1,,,4,3,1,1,,꽃,https://dbscthumb-phinf.pstatic.net/4776_000_1/20170522215141906_T7AVCG10T.JPG/fe87_212_i1.JPG?type=m251&wm=Y
예담은 한산소곡화주,증류주,41,5,500,30000,0.68,0,,,3,3,,,2,꽃,https://dbscthumb-phinf.pstatic.net/4776_000_1/20170522214355489_JJH569TH0.JPG/fe87_211_i1.JPG?type=m251&wm=Y
예밀와인 레드 드라이,과실주,13,4,750,20000,0.49,0,,,1,3,1,2,,포도,https://dbscthumb-phinf.pstatic.net/4776_000_2/20190726151335295_EUMQD5TZD.jpg/fe87_359_i1.jpg?type=m251&wm=Y
예밀와인 레드 스위트,과실주,12,3,750,20000,0.45,0,,,4,3,1,2,,포도,https://dbscthumb-phinf.pstatic.net/4776_000_2/20190726151635198_TH9NUR4AA.jpg/fe87_360_i1.jpg?type=m251&wm=Y
예밀와인 로제,과실주,12,3,750,20000,0.45,0,,,4,3,1,2,,포도,https://dbscthumb-phinf.pstatic.net/4776_000_2/20190726151951004_ZB35HZFOU.jpg/fe87_361_i1.jpg?type=m251&wm=Y
예주,과실주,15,4,750,29000,0.39,0,,https://shopping.naver.com/window-products/traditionalalcohol/2369846049?NaPm=ct%3Dlpgofh78%7Cci%3Dshoppingwindow%7Ctr%3Dswl%7Chk%3D78d481cf3e7643f13a9bd6f8a3f28f0b12f54a5e%7Ctrx%3D,1,3,3,1,,베리,https://dbscthumb-phinf.pstatic.net/4776_000_1/20170522202708256_NEGIGMXLM.jpg/fe87_200_i1.jpg?type=m251&wm=Y
예천주 사월 24도,증류주,24,2,375,22000,0.41,0,,http://xn--2j5b27cs5d.kr/goods/goods_list.php?cateCd=024,3,2,,,3,베리,https://dbscthumb-phinf.pstatic.net/4776_000_2/20190726144156439_7U3EE4DX0.jpg/fe87_347_i1.jpg?type=m251&wm=Y
예천주복 만월 24도,증류주,24,2,350,12800,0.66,0,,,2,3,,,4,베리,https://dbscthumb-phinf.pstatic.net/4776_000_2/20190726182238240_8X3H2PP97.jpg/fe87_426_i1.jpg?type=m251&wm=Y
예천주복 만월 40도,증류주,40,4,350,19200,0.73,0,,,2,4,,,4,베리,https://dbscthumb-phinf.pstatic.net/4776_000_2/20190726144523160_NIMQH610U.jpg/fe87_349_i1.jpg?type=m251&wm=Y
오가피와인,과실주,12,3,500,20000,0.3,0,,,3,3,2,2,,흙,https://dbscthumb-phinf.pstatic.net/4776_000_2/20190726161628188_7HQRKFCS1.jpg/fe87_382_i1.jpg?type=m251&wm=Y
오디랑,과실주,13,4,330,4000,1.07,1,,,3,3,1,1,,베리,https://dbscthumb-phinf.pstatic.net/4776_000_1/20170424210628840_5P6FYK1IO.jpg/fe87_103_i1.jpg?type=m251&wm=Y
오매락퍽,증류주,40,4,500,52000,0.38,0,,,3,4,,,3,"매실, 사과",https://dbscthumb-phinf.pstatic.net/4776_000_1/20170522171554324_4LOXY8EMH.JPG/fe87_169_i1.JPG?type=m251&wm=Y
오메기 맑은술,약주,16,5,500,30000,0.27,0,,,4,3,3,2,,무향,https://dbscthumb-phinf.pstatic.net/4776_000_3/20230323160239355_W0Y31HBQS.jpg/fe87_249_i1.jpg?type=m251&wm=Y
오미로제 프리미어와인,과실주,12,3,750,39000,0.23,0,,,3,4,4,4,,베리,https://dbscthumb-phinf.pstatic.net/4776_000_1/20181013000735999_9SZB4EFXQ.jpg/fe87_264_i1.jpg?type=m251&wm=Y
오미자 생 막걸리,탁주,6.5,1,750,2500,1.95,1,,,2,2,3,2,,"허브, 베리",https://dbscthumb-phinf.pstatic.net/4776_000_1/20170113201021525_BNNMKXHFB.jpg/fe87_061_i1.jpg?type=m251&wm=Y
오산 막걸리,탁주,6,1,500,3000,1,1,,,2,3,4,2,,무향,https://dbscthumb-phinf.pstatic.net/4776_000_2/20200824191242181_FJ88S223Q.jpg/fe87_483_i1.jpg?type=m251&wm=Y
오희 스파클링 막걸리,탁주,8.5,2,500,18000,0.24,0,,,1,2,3,3,,베리,https://dbscthumb-phinf.pstatic.net/4776_000_1/20181013074635363_B418GXNIW.jpg/fe87_328_i1.jpg?type=m251&wm=Y
왕율주,증류주,25,2,330,8000,1.03,1,,,3,3,,,3,무향,https://dbscthumb-phinf.pstatic.net/4776_000_1/20181013025130251_63QGXGGMF.jpg/fe87_286_i1.jpg?type=m251&wm=Y
우곡생주,탁주,10,2,750,6500,1.15,1,,,4,5,2,2,,무향,https://dbscthumb-phinf.pstatic.net/4776_000_2/20200824164610847_R17NA44MR.jpg/fe87_429_i1.jpg?type=m251&wm=Y
우도 땅콩 전통주,탁주,6,1,750,4000,1.13,1,,,4,3,1,3,,견과류,https://dbscthumb-phinf.pstatic.net/4776_000_1/20170224110751116_5F3YFOCK0.jpg/fe87_102_i1.jpg?type=m251&wm=Y
우렁이쌀 청주,약주,14,4,500,16000,0.44,0,,,2,3,1,2,,무향,https://cdn-pro-web-251-115.cdn-nhncommerce.com/gsool18_godomall_com/data/goods/19/12/52/1000000139/1000000139_detail_045.jpg
운암1945,약주,12,3,750,28000,0.32,0,,,3,3,3,3,,무향,https://dbscthumb-phinf.pstatic.net/4776_000_3/20220323114919963_MF5CINKGK.jpeg/fe87_537_i1.jpeg?type=m251&wm=Y
원매,증류주,15,1,750,35000,0.32,0,,,2,3,,,4,"매실, 꿀, 카라멜",https://dbscthumb-phinf.pstatic.net/4776_000_1/20181013001329327_RDX3Q8RJZ.jpg/fe87_265_i1.jpg?type=m251&wm=Y
원매 프리미엄,증류주,20,2,700,45000,0.31,0,,,2,4,,,3,"매실, 꿀",https://dbscthumb-phinf.pstatic.net/4776_000_1/20170522145940985_OILFJWVTU.jpg/fe87_146_i1.jpg?type=m251&wm=Y
원소주,증류주,22,2,375,14900,0.55,0,,,3,2,,,2,무향,https://soollove.com/web/product/big/202308/b9ba1397a798c60a9c135d30229f32f8.jpg
월매 쌀 막걸리,탁주,6,1,350,1200,1.75,1,,,2,1,2,3,,무향,https://dbscthumb-phinf.pstatic.net/4776_000_1/20181012223930615_T25RQAD1K.jpg/fe87_252_i1.jpg?type=m251&wm=Y
유기농 이도 42도,증류주,42,5,750,42000,0.75,0,,,2,3,,,2,무향,https://dbscthumb-phinf.pstatic.net/4776_000_1/20170112174958210_LN6IJYND7.jpg/fe87_002_i1.jpg?type=m251&wm=Y
유자 동동주,탁주,6,1,750,1100,4.09,1,,,2,3,3,3,,"시트러스, 꽃",https://dbscthumb-phinf.pstatic.net/4776_000_2/20200824182213814_4GCATWWAK.jpg/fe87_464_i1.jpg?type=m251&wm=Y
율무 동동주,탁주,14,4,750,14000,0.75,0,,https://smartstore.naver.com/ycbrewery/products/4838388236,2,4,4,3,,무향,https://dbscthumb-phinf.pstatic.net/4776_000_3/20200824205542822_VHZJ2WXH2.jpg/fe87_520_i1.jpg?type=m251&wm=Y
이강주 19도,증류주,19,1,375,5800,1.23,1,,https://shopping.naver.com/window-products/traditionalalcohol/3271130625?NaPm=ct%3Dlpgo4yi4%7Cci%3Dshoppingwindow%7Ctr%3Dswl%7Chk%3Dd465cabd45db4cedf9dddfa7f5e828117253948d%7Ctrx%3D,3,3,,,3,"사과, 스파이시, 흙, 꿀",https://dbscthumb-phinf.pstatic.net/4776_000_3/20230323155935052_TTCRQE98G.jpg/fe87_028_i1.jpg?type=m251&wm=Y
이강주 25도,증류주,25,2,375,13000,0.72,0,이강주 25도 375ml,,2,3,,,3,"스파이시, 꿀, 사과",https://d38cxpfv0ljg7q.cloudfront.net/admin_contents/detail/8gOC-1654847918174-1.jpg
이도 32도,증류주,32,3,750,37000,0.65,0,이도 32 전통주,,3,2,,,2,무향,https://dbscthumb-phinf.pstatic.net/4776_000_3/20220323115248563_T8SI1G2BM.png/fe87_538_i1.png?type=m251&wm=Y
이동 쌀 막걸리,탁주,6,1,1200,1600,4.5,1,,,3,3,1,1,,무향,https://dbscthumb-phinf.pstatic.net/4776_000_1/20170116182703122_SP1FPJH1H.jpg/fe87_085_i1.jpg?type=m251&wm=Y
이상헌 약주,약주,18,5,500,45000,0.2,0,,,3,3,3,3,,무향,https://dbscthumb-phinf.pstatic.net/4776_000_2/20190726181948647_PXZPZ5FQA.jpg/fe87_425_i1.jpg?type=m251&wm=Y
이상헌 탁주,탁주,19,5,500,25000,0.38,0,,,2,3,3,3,,무향,https://dbscthumb-phinf.pstatic.net/4776_000_2/20190726181609891_9HASGK8MD.jpg/fe87_424_i1.jpg?type=m251&wm=Y
이화백주,탁주,6,1,940,12000,0.47,0,,,3,3,3,4,,무향,https://dbscthumb-phinf.pstatic.net/4776_000_1/20181013023517407_AEIEZYQYW.jpg/fe87_284_i1.jpg?type=m251&wm=Y
자두와인 화이트,과실주,12,3,750,22000,0.41,0,,,2,2,3,2,,피치,https://dbscthumb-phinf.pstatic.net/4776_000_1/20170522213606724_T4841TGJL.JPG/fe87_210_i1.JPG?type=m251&wm=Y
자연담은 복분자 막걸리,탁주,6,1,360,2800,0.77,0,,,2,1,1,1,,베리,https://dbscthumb-phinf.pstatic.net/4776_000_1/20170522123221840_G4P0YTZ58.jpg/fe87_121_i1.jpg?type=m251&wm=Y
장수 오미자주,과실주,16.5,5,360,5400,1.1,1,,,3,3,4,4,,베리,https://dbscthumb-phinf.pstatic.net/4776_000_2/20200824184310218_GOXOSG7KK.jpg/fe87_472_i1.jpg?type=m251&wm=Y
정고집 나주배 약주 15도,약주,15,4,500,20000,0.38,0,,,4,3,2,3,,사과,https://dbscthumb-phinf.pstatic.net/4776_000_2/20190726165625411_J7VFZC232.jpg/fe87_395_i1.jpg?type=m251&wm=Y
정고집 나주쌀 생 막걸리,탁주,6,1,750,1200,3.75,1,,,3,3,3,3,,무향,https://dbscthumb-phinf.pstatic.net/4776_000_2/20190726165132572_E44A7UG5Z.jpg/fe87_393_i1.jpg?type=m251&wm=Y
제주샘주 고소리술 375ml,증류주,40,4,375,32000,0.47,0,,https://smartstore.naver.com/makkaejoo_market/products/7049692732?NaPm=ct%3Dlpgja7c0%7Cci%3D0Ai0001yc6fzy0PovvjI%7Ctr%3Dpla%7Chk%3D66870af1f09a1bccfde1c3fd966bba5bec4af2b3,1,3,,,4,무향,https://dbscthumb-phinf.pstatic.net/4776_000_3/20230323155935054_AQ14QGTOY.jpg/fe87_023_i1.jpg?type=m251&wm=Y
제주샘주 고소리술 500ml,증류주,40,4,500,45000,0.44,0,,,1,3,,,4,무향,https://dbscthumb-phinf.pstatic.net/4776_000_1/20170224162459095_J5Y6J4KD8.jpg/fe87_024_i1.jpg?type=m251&wm=Y
제주샘주 오메기술,약주,13,4,375,7800,0.63,0,,,3,2,2,1,,무향,https://dbscthumb-phinf.pstatic.net/4776_000_3/20230323160100321_Z36JIDT92.jpg/fe87_090_i1.jpg?type=m251&wm=Y
제주술익는집 고소리술 400ml,증류주,40,4,400,45000,0.36,0,,,2,3,,,4,무향,https://dbscthumb-phinf.pstatic.net/4776_000_1/20181012222003982_BRW7WNUMG.jpg/fe87_250_i1.jpg?type=m251&wm=Y
젤코바 스페셜와인 375ml,과실주,11.5,2,375,17000,0.25,0,,https://shopping.naver.com/window-products/traditionalalcohol/2373815258,2,3,4,2,,포도,https://dbscthumb-phinf.pstatic.net/4776_000_2/20200824194508852_TA5UK3EUD.jpg/fe87_494_i1.jpg?type=m251&wm=Y
젤코바 스페셜와인 500ml,과실주,11.5,2,500,25000,0.23,0,,https://shopping.naver.com/window-products/traditionalalcohol/2373808806?NaPm=ct%3Dlpgnuzb0%7Cci%3Dshoppingwindow%7Ctr%3Dswl%7Chk%3Dcc52572421e2401183c93b08b6e44c6036367f6a%7Ctrx%3D,2,3,4,2,,포도,https://dbscthumb-phinf.pstatic.net/4776_000_2/20200824194508852_TA5UK3EUD.jpg/fe87_494_i1.jpg?type=m251&wm=Y
젤코바 스페셜와인 750ml,과실주,11.5,2,750,36000,0.24,0,,https://shopping.naver.com/window-products/traditionalalcohol/3418390981?NaPm=ct%3Dlpgnulb8%7Cci%3Dshoppingwindow%7Ctr%3Dswl%7Chk%3D2a19149ab0db1960505c4a293f6494077bc2eb9f%7Ctrx%3D,2,3,4,2,,포도,https://dbscthumb-phinf.pstatic.net/4776_000_2/20200824194508852_TA5UK3EUD.jpg/fe87_494_i1.jpg?type=m251&wm=Y
젤코바 캠벨와인,과실주,13.5,4,750,62500,0.16,0,,https://shopping.naver.com/window-products/traditionalalcohol/3469266125,3,3,4,2,,포도,https://dbscthumb-phinf.pstatic.net/4776_000_2/20200824194959153_OU47UL740.jpg/fe87_496_i1.jpg?type=m251&wm=Y
젤코바 프리미엄와인 500ml,과실주,12,3,500,33000,0.18,0,,https://shopping.naver.com/window-products/traditionalalcohol/5267408356?NaPm=ct%3Dlpgnt3hx%7Cci%3Dshoppingwindow%7Ctr%3Dswl%7Chk%3D60e1335b05475f1e9f058d6a8457e68d70206b76%7Ctrx%3D,1,4,4,2,,포도,https://dbscthumb-phinf.pstatic.net/4776_000_2/20200824194703614_OMOHRS5G3.jpg/fe87_495_i1.jpg?type=m251&wm=Y
젤코바 프리미엄와인 750ml,과실주,12,3,750,50000,0.18,0,,https://shopping.naver.com/window-products/traditionalalcohol/5268861294?NaPm=ct%3Dlpgnti3a%7Cci%3Dshoppingwindow%7Ctr%3Dswl%7Chk%3D658db9cbaafbdcc419e51b7603d7ed1f185cf84e%7Ctrx%3D,1,4,4,2,,포도,https://dbscthumb-phinf.pstatic.net/4776_000_2/20200824194703614_OMOHRS5G3.jpg/fe87_495_i1.jpg?type=m251&wm=Y
조선주조사 300ml,약주,14,4,300,4000,1.05,1,,,3,3,3,2,,무향,https://dbscthumb-phinf.pstatic.net/4776_000_2/20200824193247816_8Y995EFJ7.jpg/fe87_489_i1.jpg?type=m251&wm=Y
조선주조사 700ml,약주,14,4,700,9000,1.09,1,,,3,3,3,2,,무향,https://dbscthumb-phinf.pstatic.net/4776_000_2/20200824193247816_8Y995EFJ7.jpg/fe87_489_i1.jpg?type=m251&wm=Y
주몽 복분자주,과실주,16,5,375,5000,1.2,1,,,3,3,1,1,,베리,https://dbscthumb-phinf.pstatic.net/4776_000_1/20170522190434628_2I8OXAEUQ.JPG/fe87_186_i1.JPG?type=m251&wm=Y
죽력고,증류주,32,3,700,60000,0.37,0,,,2,3,,,4,무향,https://dbscthumb-phinf.pstatic.net/4776_000_1/20181013062804553_IHQ5WHVTU.png/fe87_316_i1.png?type=m251&wm=Y
죽향 생 막걸리,탁주,6,1,750,2000,2.25,1,,,1,1,2,4,,무향,https://dbscthumb-phinf.pstatic.net/4776_000_2/20200824165800449_IGNMW1L7V.jpg/fe87_433_i1.jpg?type=m251&wm=Y
지란지교 무화과 탁주,탁주,12,3,500,15000,0.4,0,,,4,3,4,1,,베리,https://dbscthumb-phinf.pstatic.net/4776_000_3/20220323120017200_AM87U91ML.jpg/fe87_542_i1.jpg?type=m251&wm=Y
지란지교 약주 375ml,약주,17,5,375,20000,0.32,0,,,4,4,4,2,,무향,https://dbscthumb-phinf.pstatic.net/4776_000_3/20220323120233200_M3L6LI23U.jpg/fe87_544_i1.jpg?type=m251&wm=Y
지란지교 약주 500ml,약주,17,5,500,25000,0.34,0,,,4,4,4,2,,무향,https://dbscthumb-phinf.pstatic.net/4776_000_3/20220323120233200_M3L6LI23U.jpg/fe87_544_i1.jpg?type=m251&wm=Y
지란지교 탁주,탁주,13,4,500,15000,0.43,0,,,4,4,4,1,,무향,https://dbscthumb-phinf.pstatic.net/4776_000_3/20220323120131475_N8WXBRGKH.png/fe87_543_i1.png?type=m251&wm=Y
지리산 정담 생쌀 막걸리,탁주,6,1,750,1500,3,1,,,1,1,3,2,,무향,https://dbscthumb-phinf.pstatic.net/4776_000_1/20170522232536195_HS5IGCOE5.jpg/fe87_227_i1.jpg?type=m251&wm=Y
지리산 허브잎 술,탁주,6,1,750,1500,3,1,,,1,1,2,2,,"허브,아로마",https://dbscthumb-phinf.pstatic.net/4776_000_1/20170522231700411_H62JNCCWB.JPG/fe87_226_i1.JPG?type=m251&wm=Y
진도홍주 루비콘,증류주,40,4,375,10000,1.5,1,,,3,3,,,3,무향,https://dbscthumb-phinf.pstatic.net/4776_000_1/20170522141315093_5FNN973W5.jpg/fe87_138_i1.jpg?type=m251&wm=Y
진맥소주 22도,증류주,22,2,375,22000,0.38,0,,,3,2,,,3,무향,https://dbscthumb-phinf.pstatic.net/4776_000_2/20200824185914805_5IFXSQO6J.jpg/fe87_477_i1.jpg?type=m251&wm=Y
진맥소주 40도 200ml,증류주,40,4,200,22000,0.36,0,,,2,2,,,4,무향,https://dbscthumb-phinf.pstatic.net/4776_000_2/20200824190127315_GY89XV6BA.jpg/fe87_478_i1.jpg?type=m251&wm=Y
진맥소주 40도 500ml,증류주,40,4,500,49000,0.41,0,,,2,2,,,4,무향,https://dbscthumb-phinf.pstatic.net/4776_000_2/20200824190127315_GY89XV6BA.jpg/fe87_478_i1.jpg?type=m251&wm=Y
진맥소주 53도 200ml,증류주,53,5,200,39000,0.27,0,,,2,3,,,4,무향,https://dbscthumb-phinf.pstatic.net/4776_000_2/20200824190416247_IVA48LQ5K.jpg/fe87_479_i1.jpg?type=m251&wm=Y
진맥소주 53도 500ml,증류주,53,5,500,88000,0.3,0,,,2,3,,,4,무향,https://dbscthumb-phinf.pstatic.net/4776_000_2/20200824190416247_IVA48LQ5K.jpg/fe87_479_i1.jpg?type=m251&wm=Y
진심 홍삼주 19도,증류주,19,1,375,3000,2.38,1,,,3,2,,,2,흙,https://dbscthumb-phinf.pstatic.net/4776_000_1/20170522210701643_VAUMYEIOK.jpg/fe87_205_i1.jpg?type=m251&wm=Y
진쾌남,증류주,25,2,330,8500,0.97,1,,,3,3,,,3,"흙, 베리, 꽃",https://dbscthumb-phinf.pstatic.net/4776_000_1/20181013025957349_JQH6G3XKI.jpg/fe87_287_i1.jpg?type=m251&wm=Y
천년담주,약주,15,4,500,10000,0.75,0,,,2,4,1,1,,꿀,https://dbscthumb-phinf.pstatic.net/4776_000_3/20201020150249972_SQT4QBGHP.jpg/fe87_435_i1.jpg?type=m251&wm=Y
천비향 약주,약주,16,5,500,41000,0.2,0,,,4,3,3,1,,무향,https://dbscthumb-phinf.pstatic.net/4776_000_3/20230323160456248_FMYELIYZV.jpg/fe87_299_i1.jpg?type=m251&wm=Y
천비향 오양주 탁주,탁주,14,4,500,18000,0.39,0,,,2,3,2,1,,무향,https://dbscthumb-phinf.pstatic.net/4776_000_1/20181013042218445_90W978QTP.jpg/fe87_298_i1.jpg?type=m251&wm=Y
천비향 화주,증류주,40,4,375,50000,0.3,0,,,3,2,,,5,무향,https://dbscthumb-phinf.pstatic.net/4776_000_1/20181013043744508_SLEWHFGMJ.jpg/fe87_300_i1.jpg?type=m251&wm=Y
청남대 블루베리 막걸리,탁주,6,1,750,2700,1.67,1,,https://mssool.co.kr/category/%ED%83%81%EC%A3%BC%EB%A7%89%EA%B1%B8%EB%A6%AC/24/,3,2,2,3,,베리,https://dbscthumb-phinf.pstatic.net/4776_000_2/20190726180806669_NG5XKY0PH.jpg/fe87_421_i1.jpg?type=m251&wm=Y
청명주 약주,약주,17,5,500,23000,0.37,0,청명주 500ml,,4,4,4,2,,무향,https://dbscthumb-phinf.pstatic.net/4776_000_2/20181015103553540_RYFTUJ2CL.jpg/fe87_230_i1.jpg?type=m251&wm=Y
청산녹수 사미인주,탁주,8,2,750,4000,1.5,1,,,2,3,2,4,,꿀,https://dbscthumb-phinf.pstatic.net/4776_000_1/20181012194441188_FZ2SG9SIN.jpg/fe87_234_i1.jpg?type=m251&wm=Y
청진주,약주,16,5,375,30000,0.2,0,청진주 전통주,,2,1,2,1,,무향,https://dbscthumb-phinf.pstatic.net/4776_000_1/20181013032613794_D0LI605ZY.jpg/fe87_290_i1.jpg?type=m251&wm=Y
청춘,약주,15,4,750,20000,0.56,0,청춘 전통주,,2,3,2,1,,무향,https://dbscthumb-phinf.pstatic.net/4776_000_1/20170522192749529_XXCW7CMWA.JPG/fe87_190_i1.JPG?type=m251&wm=Y
초선의 꿈 로제,과실주,12,3,375,20000,0.23,0,,,1,2,3,2,,포도 ,https://dbscthumb-phinf.pstatic.net/4776_000_1/20170224173206862_P8A92ZAY6.jpg/fe87_037_i1.jpg?type=m251&wm=Y
추사 40도,증류주,40,4,500,60000,0.33,0,,,3,3,,,5,사과,https://dbscthumb-phinf.pstatic.net/4776_000_1/20181013074004673_41XZS2NSQ.jpg/fe87_327_i1.jpg?type=m251&wm=Y
추사 로제,과실주,12,3,375,20000,0.23,0,,,2,1,3,2,,사과,https://dbscthumb-phinf.pstatic.net/4776_000_1/20181013073257168_GTC11D1XB.jpg/fe87_326_i1.jpg?type=m251&wm=Y
추사 애플와인,과실주,12,3,375,20000,0.23,0,,,3,3,1,2,,사과,https://dbscthumb-phinf.pstatic.net/4776_000_1/20170522200853977_IUGDKDS9Q.jpg/fe87_197_i1.jpg?type=m251&wm=Y
추사백 25도,증류주,25,2,350,12000,0.73,0,,,2,2,,,4,사과,https://dbscthumb-phinf.pstatic.net/4776_000_3/20220323120323827_ES7BLHUI1.jpg/fe87_545_i1.jpg?type=m251&wm=Y
추사블루,과실주,12,3,375,20000,0.23,0,,,3,3,1,2,,베리,https://dbscthumb-phinf.pstatic.net/4776_000_1/20170522201454730_HR73ADRDZ.JPG/fe87_198_i1.JPG?type=m251&wm=Y
추성주,증류주,25,2,700,80000,0.22,0,,,2,2,,,3,"베리, 흙",https://dbscthumb-phinf.pstatic.net/4776_000_1/20170113195410920_QQGB21BD4.jpg/fe87_027_i1.jpg?type=m251&wm=Y
추시와인,과실주,12.5,4,750,16000,0.59,0,추시 감와인,,3,3,2,2,,사과,https://dbscthumb-phinf.pstatic.net/4776_000_2/20190726173806814_ASIO0SZQA.jpg/fe87_409_i1.jpg?type=m251&wm=Y
컨츄리 산머루 와인 드라이,과실주,14,4,750,20000,0.53,0,,,1,3,3,2,,포도,https://dbscthumb-phinf.pstatic.net/4776_000_1/20170113195607818_CKBBLWB0P.jpg/fe87_033_i1.jpg?type=m251&wm=Y
컨츄리 산머루 와인 스위트,과실주,12,3,750,20000,0.45,0,,,2,2,3,3,,포도,https://dbscthumb-phinf.pstatic.net/4776_000_1/20170113195548373_GI339ODO1.jpg/fe87_032_i1.jpg?type=m251&wm=Y
컨츄리 캠벨 스위트,과실주,12,3,750,15000,0.6,0,,,3,3,1,2,,포도,https://dbscthumb-phinf.pstatic.net/4776_000_1/20170113195526868_PIRYE7240.jpg/fe87_031_i1.jpg?type=m251&wm=Y
크라테 레드와인 드라이,과실주,11.5,2,750,48000,0.18,0,,,2,3,2,3,,무향,https://dbscthumb-phinf.pstatic.net/4776_000_2/20190726141509375_OUJIB8HHY.jpg/fe87_334_i1.jpg?type=m251&wm=Y
크라테 레드와인 스위트,과실주,11.5,2,750,48000,0.18,0,,,4,1,2,3,,무향,https://dbscthumb-phinf.pstatic.net/4776_000_2/20190726141144741_RYSQU37Q9.jpg/fe87_333_i1.jpg?type=m251&wm=Y
크라테 로제와인,과실주,11.5,2,375,18000,0.24,0,,,4,3,1,3,,무향,https://dbscthumb-phinf.pstatic.net/4776_000_2/20190726141714731_9F3DOO2S1.jpg/fe87_335_i1.jpg?type=m251&wm=Y
타미앙스,증류주,40,4,500,50000,0.4,0,,,1,2,,,2,"베리, 흙",https://dbscthumb-phinf.pstatic.net/4776_000_1/20170113194355075_O4LHIF090.jpg/fe87_022_i1.jpg?type=m251&wm=Y
톡 한잔 소주,증류주,30,3,500,10000,1.5,1,,,3,3,,,2,무향,https://dbscthumb-phinf.pstatic.net/4776_000_1/20170522142452459_LWT7DC4Z1.JPG/fe87_140_i1.JPG?type=m251&wm=Y
티나 (TINA),증류주,16,1,750,54000,0.22,0,티나(TINA) 전통주,,2,5,,,4,"베리, 시트러스",https://dbscthumb-phinf.pstatic.net/4776_000_2/20200824175231961_QVOJ2OBIR.jpg/fe87_453_i1.jpg?type=m251&wm=Y
편백숲 산소막걸리 딸기스파클링,탁주,6.8,1,940,41000,0.16,0,,,3,3,2,5,,베리,https://dbscthumb-phinf.pstatic.net/4776_000_2/20200824184100126_OGM9OVFZZ.jpg/fe87_471_i1.jpg?type=m251&wm=Y
편백숲 산소막걸리 순수령,탁주,5.8,1,750,4000,1.09,1,,,3,4,1,1,,무향,https://dbscthumb-phinf.pstatic.net/4776_000_2/20200824183832249_4USUPPKG0.jpg/fe87_470_i1.jpg?type=m251&wm=Y
포엠 레드 드라이와인,과실주,12,3,750,25000,0.36,0,,,2,4,3,2,,포도,https://dbscthumb-phinf.pstatic.net/4776_000_2/20200824173726173_MKQVPNKO9.jpg/fe87_446_i1.jpg?type=m251&wm=Y
포엠 레드 스위트와인,과실주,12,3,750,25000,0.36,0,,,4,3,3,3,,포도,https://dbscthumb-phinf.pstatic.net/4776_000_2/20200824173442268_9CQJALR6D.jpg/fe87_445_i1.jpg?type=m251&wm=Y
포엠 로제와인,과실주,12,3,750,35000,0.26,0,,,4,3,3,3,,포도,https://dbscthumb-phinf.pstatic.net/4776_000_2/20200824174003769_T33S6HEA0.jpg/fe87_447_i1.jpg?type=m251&wm=Y
포엠 화이트와인,과실주,12,3,750,35000,0.26,0,,,4,3,4,4,,포도,https://dbscthumb-phinf.pstatic.net/4776_000_2/20200824174227483_8KCO7I0BI.jpg/fe87_448_i1.jpg?type=m251&wm=Y
표문 생 막걸리,탁주,6,1,500,4500,0.67,0,,https://brand.naver.com/hangangbrewery/products/5463952480?NaPm=ct%3Dloy3qwfk%7Cci%3D0z40003IbzbzMF%2DR%5Ffj%2D%7Ctr%3Dsa%7Chk%3D3c3c3d37fc397241d6864c645fbd7bb01d4dc091,3,3,2,2,,무향,https://dafarm.net/data/goods/233/2022/10/958_temp_16655572126457view.jpg
한비 동충하초술 375ml,증류주,35,3,375,30000,0.44,0,,,2,4,,,4,흙,https://dbscthumb-phinf.pstatic.net/4776_000_1/20181013010424755_J2YXWSAGI.jpg/fe87_273_i1.jpg?type=m251&wm=Y
한비 동충하초술 750ml,증류주,35,3,750,50000,0.53,0,,,2,4,,,4,흙,https://dbscthumb-phinf.pstatic.net/4776_000_1/20181013010424755_J2YXWSAGI.jpg/fe87_273_i1.jpg?type=m251&wm=Y
한비 무병장수술 375ml,증류주,35,3,375,30000,0.44,0,,,2,4,,,5,"흙, 베리, 꽃",https://dbscthumb-phinf.pstatic.net/4776_000_1/20181013011116326_L00EPPENK.jpg/fe87_274_i1.jpg?type=m251&wm=Y
한비 무병장수술 750ml,증류주,35,3,750,50000,0.53,0,,,2,4,,,5,"흙, 베리, 꽃",https://dbscthumb-phinf.pstatic.net/4776_000_1/20181013011116326_L00EPPENK.jpg/fe87_274_i1.jpg?type=m251&wm=Y
한비 쌀소주 375ml,증류주,40,4,375,30000,0.5,0,,,3,2,,,2,무향,https://dbscthumb-phinf.pstatic.net/4776_000_1/20181013005033120_QGT38KXX9.jpg/fe87_271_i1.jpg?type=m251&wm=Y
한비 쌀소주 750ml,증류주,40,4,750,40000,0.75,0,,,3,2,,,2,무향,https://dbscthumb-phinf.pstatic.net/4776_000_1/20181013005033120_QGT38KXX9.jpg/fe87_271_i1.jpg?type=m251&wm=Y
한비 오가피술 375ml,증류주,35,3,375,30000,0.44,0,,,3,3,,,2,흙,https://dbscthumb-phinf.pstatic.net/4776_000_1/20181013005750902_TEOHPQH9L.jpg/fe87_272_i1.jpg?type=m251&wm=Y
한비 오가피술 750ml,증류주,35,3,750,50000,0.53,0,,,3,3,,,2,흙,https://dbscthumb-phinf.pstatic.net/4776_000_1/20181013005750902_TEOHPQH9L.jpg/fe87_272_i1.jpg?type=m251&wm=Y
한산소곡주 18도,약주,18,5,700,15000,0.84,1,,,3,4,1,1,,스파이시,https://dbscthumb-phinf.pstatic.net/4776_000_1/20170113200303351_67QG9CP2U.jpg/fe87_046_i1.jpg?type=m251&wm=Y
한산소곡주 살균주 16도,약주,16,5,750,12000,1,1,한산소곡주 살균주 750ml,,4,4,1,1,,스파이시,https://dbscthumb-phinf.pstatic.net/4776_000_1/20170522135536418_9ENAN0J70.jpg/fe87_135_i1.jpg?type=m251&wm=Y
한산소곡주 생주 16도,약주,16,5,750,12000,1,1,한산소곡주 생주 750ml,,4,4,1,1,,무향,https://dbscthumb-phinf.pstatic.net/4776_000_1/20170522134919916_VHYNC80WS.jpg/fe87_134_i1.jpg?type=m251&wm=Y
한스오차드 사과와인,과실주,11,2,750,20000,0.41,0,,,4,2,3,2,,사과 ,https://dbscthumb-phinf.pstatic.net/4776_000_1/20181012200838946_H1X4KZ6Q2.jpg/fe87_237_i1.jpg?type=m251&wm=Y
한시울,증류주,40,4,500,18000,1.11,1,,,2,4,,,4,무향,https://dbscthumb-phinf.pstatic.net/4776_000_2/20190726181400014_4QLEI194N.jpg/fe87_423_i2.jpg?type=m251&wm=Y
한주,증류주,35,3,360,12000,1.05,1,,,3,3,,,3,무향,https://dbscthumb-phinf.pstatic.net/4776_000_3/20221109173701982_3KVEHLVQD.png/fe87_311_i1.png?type=m251&wm=Y
해미읍성 딸기와인,과실주,12,3,500,20000,0.3,0,,,3,3,2,1,,베리,https://dbscthumb-phinf.pstatic.net/4776_000_2/20190726171124818_44OM5L5F8.jpg/fe87_400_i1.jpg?type=m251&wm=Y
해미읍성 매실와인,과실주,12,3,500,20000,0.3,0,,,5,4,1,2,,매실,https://dbscthumb-phinf.pstatic.net/4776_000_2/20190726171408115_B0QNE938L.jpg/fe87_401_i1.jpg?type=m251&wm=Y
해미읍성 모과와인,과실주,12,3,500,20000,0.3,0,,,3,3,2,2,,사과,https://dbscthumb-phinf.pstatic.net/4776_000_2/20190726171948532_P029U5J8P.jpg/fe87_403_i1.jpg?type=m251&wm=Y
해미읍성 살구와인,과실주,12,3,500,20000,0.3,0,,,3,3,2,2,,피치,https://dbscthumb-phinf.pstatic.net/4776_000_2/20190726171656562_DIX9SX4N7.jpg/fe87_402_i1.jpg?type=m251&wm=Y
해방주 18.8도,증류주,18.8,1,375,12000,0.59,0,,https://mall.epost.go.kr/fo/goods/goodsDetailView.do?goodsCd=EA1026730&goodsDispTypeCd=&goodsDispTypeDtlCd=&pavlnDivCd=02&ctgryCd=111201302&searchTermCd=%EC%98%81%EB%8D%95%EC%A3%BC%EC%A1%B0,3,2,,,2,흙,https://dbscthumb-phinf.pstatic.net/4776_000_2/20190726152829711_K09TW9QOR.jpg/fe87_365_i1.jpg?type=m251&wm=Y
해방주 38도,증류주,38,3,800,45000,0.68,0,,https://mall.epost.go.kr/fo/goods/goodsDetailView.do?goodsCd=EA1026730&goodsDispTypeCd=&goodsDispTypeDtlCd=&pavlnDivCd=02&ctgryCd=111201302&searchTermCd=%EC%98%81%EB%8D%95%EC%A3%BC%EC%A1%B0,3,3,,,3,흙,https://dbscthumb-phinf.pstatic.net/4776_000_2/20190726175956091_MY38IN53J.jpg/fe87_418_i1.jpg?type=m251&wm=Y
해창 생 막걸리 12도,탁주,12,3,900,10000,1.08,1,,,1,4,1,2,,무향,https://dbscthumb-phinf.pstatic.net/4776_000_1/20170112175236683_D4HK4M5EE.jpg/fe87_014_i1.jpg?type=m251&wm=Y
해창 생 막걸리 9도,탁주,9,2,900,6000,1.35,1,,,1,4,1,2,,무향,https://dbscthumb-phinf.pstatic.net/4776_000_1/20170112175250284_1UMVHIBO1.jpg/fe87_015_i1.jpg?type=m251&wm=Y
해파랑,약주,13,4,375,6000,0.81,0,해파랑 전통주,,3,3,1,1,,흙,https://dbscthumb-phinf.pstatic.net/4776_000_2/20190726175641859_BF9U671OQ.jpg/fe87_417_i1.jpg?type=m251&wm=Y
행운 막걸리,탁주,6,1,750,1100,4.09,1,,http://seongpo.co.kr/shop/list_itemall.php?page=1,3,4,1,1,,무향,https://dbscthumb-phinf.pstatic.net/4776_000_2/20200824182425226_NQVSD4UGH.jpg/fe87_465_i1.jpg?type=m251&wm=Y
행운주 350ml,약주,12,3,350,3500,1.2,1,,http://seongpo.co.kr/shop/list_itemall.php?page=1,2,2,2,2,,무향,https://dbscthumb-phinf.pstatic.net/4776_000_2/20200824182641699_VPT2Q8PSF.jpg/fe87_466_i1.jpg?type=m251&wm=Y
행운주 500ml,약주,12,3,500,5000,1.2,1,,http://seongpo.co.kr/shop/list_itemall.php?page=1,2,2,2,2,,무향,https://dbscthumb-phinf.pstatic.net/4776_000_2/20200824182641699_VPT2Q8PSF.jpg/fe87_466_i1.jpg?type=m251&wm=Y
행운주 750ml,약주,12,3,750,9000,1,1,,http://seongpo.co.kr/shop/list_itemall.php?page=1,2,2,2,2,,무향,https://dbscthumb-phinf.pstatic.net/4776_000_2/20200824182641699_VPT2Q8PSF.jpg/fe87_466_i1.jpg?type=m251&wm=Y
향수 우리밀 막걸리,탁주,9,2,700,7900,0.8,0,,,2,5,3,3,,무향,https://dbscthumb-phinf.pstatic.net/4776_000_1/20181012193717255_SOQ2P5JTM.jpg/fe87_233_i1.jpg?type=m251&wm=Y
허니문 와인,과실주,10,2,375,35000,0.11,0,,,4,2,2,2,,꿀,https://dbscthumb-phinf.pstatic.net/4776_000_2/20190726142826916_D1DNI5FVF.jpg/fe87_340_i1.jpg?type=m251&wm=Y
허니비 와인,과실주,8,2,500,35000,0.11,0,,,3,2,1,1,,꿀,https://dbscthumb-phinf.pstatic.net/4776_000_1/20170522193930712_01OXJVIXW.JPG/fe87_192_i1.JPG?type=m251&wm=Y
호담 산양산삼주,약주,13,4,375,4000,1.22,1,,,1,3,1,1,,흙,https://dbscthumb-phinf.pstatic.net/4776_000_1/20170522230551156_78CSXXRTN.jpg/fe87_223_i1.jpg?type=m251&wm=Y
호땅,탁주,6,1,750,2700,1.67,1,,,3,4,1,2,,견과류,https://dbscthumb-phinf.pstatic.net/4776_000_2/20200824164610847_V9PNIYJE0.jpg/fe87_430_i1.jpg?type=m251&wm=Y
호랑이 생 막걸리,탁주,6,1,750,2200,2.05,1,,,4,4,1,2,,무향,https://dbscthumb-phinf.pstatic.net/4776_000_1/20170112175223742_GRU2WCA91.jpg/fe87_013_i1.jpg?type=m251&wm=Y
혼디주,과실주,12,3,330,8000,0.5,0,,,4,2,3,3,,시트러스,https://dbscthumb-phinf.pstatic.net/4776_000_2/20190726162102298_R3BVYYX0H.jpg/fe87_384_i1.jpg?type=m251&wm=Y
홍로,증류주,45,5,500,50000,0.45,0,홍로 전통주,,2,2,,,4,"꽃, 흙",https://dbscthumb-phinf.pstatic.net/4776_000_2/20200824181701537_7SHDY1T81.jpg/fe87_462_i1.jpg?type=m251&wm=Y
홍삼 인삼주,증류주,38,3,750,70000,0.41,0,홍삼 인삼주 38도,,1,4,,,4,흙,https://dbscthumb-phinf.pstatic.net/4776_000_1/20170112175009881_640YTZP4S.jpg/fe87_003_i1.jpg?type=m251&wm=Y
홍삼명주 375ml,약주,14,4,375,12000,0.44,0,,,1,1,3,2,,흙,https://dbscthumb-phinf.pstatic.net/4776_000_1/20170116182749862_W873QRMBB.jpg/fe87_086_i1.jpg?type=m251&wm=Y
홍삼명주 500ml,약주,14,4,500,16000,0.44,0,,,1,1,3,2,,흙,https://dbscthumb-phinf.pstatic.net/4776_000_1/20170224174022218_68FR9WTSW.jpg/fe87_087_i1.jpg?type=m251&wm=Y
화요 25도,증류주,25,2,200,11900,0.42,0,,,4,3,,,3,무향,https://stage-cdn.veluga.kr/files/supplier/216/package_variation/18378.png
화주,증류주,25,2,375,13000,0.72,0,내국양조 화주,,2,1,,,2,흙,https://dbscthumb-phinf.pstatic.net/4776_000_1/20181013015223485_UESTXR3T0.jpg/fe87_279_i1.jpg?type=m251&wm=Y
황금보리소주 17도,증류주,17,1,375,5000,1.28,1,,,3,2,,,2,무향,https://dbscthumb-phinf.pstatic.net/4776_000_2/20190726153349837_KZTC5TFDL.jpg/fe87_367_i1.jpg?type=m251&wm=Y
황금보리소주 25도,증류주,25,2,375,8500,1.1,1,,,3,2,,,3,무향,https://dbscthumb-phinf.pstatic.net/4776_000_2/20190726153603659_9M5X65VA4.jpg/fe87_368_i1.jpg?type=m251&wm=Y
황금보리소주 40도,증류주,40,4,375,15700,0.96,1,,,3,3,,,3,무향,https://dbscthumb-phinf.pstatic.net/4776_000_2/20190726153837107_MBXUFAI9P.jpg/fe87_369_i1.jpg?type=m251&wm=Y
황진이주,약주,12,3,375,3500,1.29,1,,,3,3,2,1,,베리,https://dbscthumb-phinf.pstatic.net/4776_000_1/20170522191053558_O92OOFMAM.jpg/fe87_187_i1.jpg?type=m251&wm=Y
흑돈주,약주,16,5,365,12000,0.49,0,,,2,2,3,3,,흙,https://dbscthumb-phinf.pstatic.net/4776_000_2/20190726175230649_48ESJ082Y.jpg/fe87_415_i1.jpg?type=m251&wm=Y
희양산 생 막걸리 15도,탁주,15,4,500,9500,0.79,0,,,3,5,4,1,,무향,https://dbscthumb-phinf.pstatic.net/4776_000_3/20200824203734369_OZCWI2BTK.jpg/fe87_512_i1.jpg?type=m251&wm=Y
희양산 생 막걸리 9도,탁주,9,2,650,8000,0.73,0,,,2,3,3,2,,무향,https://dbscthumb-phinf.pstatic.net/4776_000_3/20200824203515974_0GPDFOZ9C.jpg/fe87_511_i1.jpg?type=m251&wm=Y
G12 골디락스,탁주,12,3,500,12000,0.5,0,,,2,3,2,2,,무향,https://dbscthumb-phinf.pstatic.net/4776_000_3/20220323113635016_X2OFH4FIJ.jpg/fe87_531_i1.jpg?type=m251&wm=Y
The 찾을수록 감귤,과실주,16,5,360,1500,3.84,1,,,4,2,2,3,,"사과, 시트러스",https://dbscthumb-phinf.pstatic.net/4776_000_1/20181012204458736_WWP2CUJT1.jpg/fe87_241_i1.jpg?type=m251&wm=Y
The 찾을수록 모스카토,과실주,14,4,360,1500,3.36,1,애플리즈 The 찾을수록 모스카토,,4,2,2,3,,"사과, 포도",https://dbscthumb-phinf.pstatic.net/4776_000_1/20181012204458736_WWP2CUJT1.jpg/fe87_241_i1.jpg?type=m251&wm=Y
The 찾을수록 생강,과실주,16,5,360,1500,3.84,1,,,4,2,2,3,,"사과, 스파이시",https://dbscthumb-phinf.pstatic.net/4776_000_1/20181012204458736_WWP2CUJT1.jpg/fe87_241_i1.jpg?type=m251&wm=Y
The 찾을수록 아메리카노,과실주,14,4,360,1500,3.36,1,,,4,2,2,3,,"사과, 커피",https://dbscthumb-phinf.pstatic.net/4776_000_1/20181012204458736_WWP2CUJT1.jpg/fe87_241_i1.jpg?type=m251&wm=Y
The 찾을수록 애플,과실주,16,5,360,1500,3.84,1,,,4,2,2,3,,사과,https://dbscthumb-phinf.pstatic.net/4776_000_1/20181012204458736_WWP2CUJT1.jpg/fe87_241_i1.jpg?type=m251&wm=Y
The 찾을수록 피치,과실주,14,4,360,1500,3.36,1,,,4,2,2,3,,"사과, 피치",https://dbscthumb-phinf.pstatic.net/4776_000_1/20181012204458736_WWP2CUJT1.jpg/fe87_241_i1.jpg?type=m251&wm=Y